edge_id,from_id,from_type,relationship,to_id,to_type,association_class,direction,evidence_strength,evidence_state,context_ids,trigger_ids,source_ids,exact_source_location,rule_id,snapshot_id,confidence_state,strength_if_quantified,unit_if_quantified,created_at,notes
edge-00001,preethi-mg-zodiac-mg218,PRODUCT,BELONGS_TO,preethi-mixer-grinders,CATEGORY,Functional,DIRECTED,HIGH,OBSERVED,,,,,RULE-IDENTITY-BELONGS-TO,p0-census-2026-08-26,HIGH,,,2026-08-26,from products.csv category_id foreign key
edge-00002,preethi-mg-zodiac-mg218,PRODUCT,FAMILY_MEMBER_OF,preethi-mg-zodiac,FAMILY,Functional,DIRECTED,HIGH,OBSERVED,,,,,RULE-IDENTITY-BELONGS-TO,p0-census-2026-08-26,HIGH,,,2026-08-26,
edge-00003,preethi-mg-zodiac-mg218,PRODUCT,BELONGS_TO,preethi,BRAND,Functional,DIRECTED,HIGH,OBSERVED,,,,,RULE-IDENTITY-BELONGS-TO,p0-census-2026-08-26,HIGH,,,2026-08-26,
edge-00004,preethi-mg-zodiac2-mg255,PRODUCT,BELONGS_TO,preethi-mixer-grinders,CATEGORY,Functional,DIRECTED,HIGH,OBSERVED,,,,,RULE-IDENTITY-BELONGS-TO,p0-census-2026-08-26,HIGH,,,2026-08-26,from products.csv category_id foreign key
edge-00005,preethi-mg-zodiac2-mg255,PRODUCT,FAMILY_MEMBER_OF,preethi-mg-zodiac,FAMILY,Functional,DIRECTED,HIGH,OBSERVED,,,,,RULE-IDENTITY-BELONGS-TO,p0-census-2026-08-26,HIGH,,,2026-08-26,
edge-00006,preethi-mg-zodiac2-mg255,PRODUCT,BELONGS_TO,preethi,BRAND,Functional,DIRECTED,HIGH,OBSERVED,,,,,RULE-IDENTITY-BELONGS-TO,p0-census-2026-08-26,HIGH,,,2026-08-26,
edge-00007,preethi-mg-blueleaf-mg281,PRODUCT,BELONGS_TO,preethi-mixer-grinders,CATEGORY,Functional,DIRECTED,HIGH,OBSERVED,,,,,RULE-IDENTITY-BELONGS-TO,p0-census-2026-08-26,HIGH,,,2026-08-26,from products.csv category_id foreign key
edge-00008,preethi-mg-blueleaf-mg281,PRODUCT,FAMILY_MEMBER_OF,preethi-mg-blueleaf,FAMILY,Functional,DIRECTED,HIGH,OBSERVED,,,,,RULE-IDENTITY-BELONGS-TO,p0-census-2026-08-26,HIGH,,,2026-08-26,
edge-00009,preethi-mg-blueleaf-mg281,PRODUCT,BELONGS_TO,preethi,BRAND,Functional,DIRECTED,HIGH,OBSERVED,,,,,RULE-IDENTITY-BELONGS-TO,p0-census-2026-08-26,HIGH,,,2026-08-26,
edge-00010,preethi-mg-diamond-mg214,PRODUCT,BELONGS_TO,preethi-mixer-grinders,CATEGORY,Functional,DIRECTED,HIGH,OBSERVED,,,,,RULE-IDENTITY-BELONGS-TO,p0-census-2026-08-26,HIGH,,,2026-08-26,from products.csv category_id foreign key
edge-00011,preethi-mg-diamond-mg214,PRODUCT,FAMILY_MEMBER_OF,preethi-mg-diamond,FAMILY,Functional,DIRECTED,HIGH,OBSERVED,,,,,RULE-IDENTITY-BELONGS-TO,p0-census-2026-08-26,HIGH,,,2026-08-26,
edge-00012,preethi-mg-diamond-mg214,PRODUCT,BELONGS_TO,preethi,BRAND,Functional,DIRECTED,HIGH,OBSERVED,,,,,RULE-IDENTITY-BELONGS-TO,p0-census-2026-08-26,HIGH,,,2026-08-26,
edge-00013,preethi-mg-ecoplus-mg138,PRODUCT,BELONGS_TO,preethi-mixer-grinders,CATEGORY,Functional,DIRECTED,HIGH,OBSERVED,,,,,RULE-IDENTITY-BELONGS-TO,p0-census-2026-08-26,HIGH,,,2026-08-26,from products.csv category_id foreign key
edge-00014,preethi-mg-ecoplus-mg138,PRODUCT,FAMILY_MEMBER_OF,preethi-mg-eco,FAMILY,Functional,DIRECTED,HIGH,OBSERVED,,,,,RULE-IDENTITY-BELONGS-TO,p0-census-2026-08-26,HIGH,,,2026-08-26,
edge-00015,preethi-mg-ecoplus-mg138,PRODUCT,BELONGS_TO,preethi,BRAND,Functional,DIRECTED,HIGH,OBSERVED,,,,,RULE-IDENTITY-BELONGS-TO,p0-census-2026-08-26,HIGH,,,2026-08-26,
edge-00016,preethi-gs-glamsteel-3b,PRODUCT,BELONGS_TO,preethi-gas-stoves,CATEGORY,Functional,DIRECTED,HIGH,OBSERVED,,,,,RULE-IDENTITY-BELONGS-TO,p0-census-2026-08-26,HIGH,,,2026-08-26,from products.csv category_id foreign key
edge-00017,preethi-gs-glamsteel-3b,PRODUCT,FAMILY_MEMBER_OF,preethi-gs-glamsteel,FAMILY,Functional,DIRECTED,HIGH,OBSERVED,,,,,RULE-IDENTITY-BELONGS-TO,p0-census-2026-08-26,HIGH,,,2026-08-26,
edge-00018,preethi-gs-glamsteel-3b,PRODUCT,BELONGS_TO,preethi,BRAND,Functional,DIRECTED,HIGH,OBSERVED,,,,,RULE-IDENTITY-BELONGS-TO,p0-census-2026-08-26,HIGH,,,2026-08-26,
edge-00019,preethi-gs-silverin-2b,PRODUCT,BELONGS_TO,preethi-gas-stoves,CATEGORY,Functional,DIRECTED,HIGH,OBSERVED,,,,,RULE-IDENTITY-BELONGS-TO,p0-census-2026-08-26,HIGH,,,2026-08-26,from products.csv category_id foreign key
edge-00020,preethi-gs-silverin-2b,PRODUCT,FAMILY_MEMBER_OF,preethi-gs-silverin,FAMILY,Functional,DIRECTED,HIGH,OBSERVED,,,,,RULE-IDENTITY-BELONGS-TO,p0-census-2026-08-26,HIGH,,,2026-08-26,
edge-00021,preethi-gs-silverin-2b,PRODUCT,BELONGS_TO,preethi,BRAND,Functional,DIRECTED,HIGH,OBSERVED,,,,,RULE-IDENTITY-BELONGS-TO,p0-census-2026-08-26,HIGH,,,2026-08-26,
edge-00022,preethi-gs-valentino-gts121,PRODUCT,BELONGS_TO,preethi-gas-stoves,CATEGORY,Functional,DIRECTED,HIGH,OBSERVED,,,,,RULE-IDENTITY-BELONGS-TO,p0-census-2026-08-26,HIGH,,,2026-08-26,from products.csv category_id foreign key
edge-00023,preethi-gs-valentino-gts121,PRODUCT,FAMILY_MEMBER_OF,preethi-gs-valentino,FAMILY,Functional,DIRECTED,HIGH,OBSERVED,,,,,RULE-IDENTITY-BELONGS-TO,p0-census-2026-08-26,HIGH,,,2026-08-26,
edge-00024,preethi-gs-valentino-gts121,PRODUCT,BELONGS_TO,preethi,BRAND,Functional,DIRECTED,HIGH,OBSERVED,,,,,RULE-IDENTITY-BELONGS-TO,p0-census-2026-08-26,HIGH,,,2026-08-26,
edge-00025,preethi-ic-ic125,PRODUCT,BELONGS_TO,preethi-induction-cooktops,CATEGORY,Functional,DIRECTED,HIGH,OBSERVED,,,,,RULE-IDENTITY-BELONGS-TO,p0-census-2026-08-26,HIGH,,,2026-08-26,from products.csv category_id foreign key
edge-00026,preethi-ic-ic125,PRODUCT,FAMILY_MEMBER_OF,preethi-ic-indicook,FAMILY,Functional,DIRECTED,HIGH,OBSERVED,,,,,RULE-IDENTITY-BELONGS-TO,p0-census-2026-08-26,HIGH,,,2026-08-26,
edge-00027,preethi-ic-ic125,PRODUCT,BELONGS_TO,preethi,BRAND,Functional,DIRECTED,HIGH,OBSERVED,,,,,RULE-IDENTITY-BELONGS-TO,p0-census-2026-08-26,HIGH,,,2026-08-26,
edge-00028,preethi-ic-ic116,PRODUCT,BELONGS_TO,preethi-induction-cooktops,CATEGORY,Functional,DIRECTED,HIGH,OBSERVED,,,,,RULE-IDENTITY-BELONGS-TO,p0-census-2026-08-26,HIGH,,,2026-08-26,from products.csv category_id foreign key
edge-00029,preethi-ic-ic116,PRODUCT,FAMILY_MEMBER_OF,preethi-ic-indicook,FAMILY,Functional,DIRECTED,HIGH,OBSERVED,,,,,RULE-IDENTITY-BELONGS-TO,p0-census-2026-08-26,HIGH,,,2026-08-26,
edge-00030,preethi-ic-ic116,PRODUCT,BELONGS_TO,preethi,BRAND,Functional,DIRECTED,HIGH,OBSERVED,,,,,RULE-IDENTITY-BELONGS-TO,p0-census-2026-08-26,HIGH,,,2026-08-26,
edge-00031,preethi-ch-kh311,PRODUCT,BELONGS_TO,preethi-chimneys,CATEGORY,Functional,DIRECTED,HIGH,OBSERVED,,,,,RULE-IDENTITY-BELONGS-TO,p0-census-2026-08-26,HIGH,,,2026-08-26,from products.csv category_id foreign key
edge-00032,preethi-ch-kh311,PRODUCT,FAMILY_MEMBER_OF,preethi-ch-alcor,FAMILY,Functional,DIRECTED,HIGH,OBSERVED,,,,,RULE-IDENTITY-BELONGS-TO,p0-census-2026-08-26,HIGH,,,2026-08-26,
edge-00033,preethi-ch-kh311,PRODUCT,BELONGS_TO,preethi,BRAND,Functional,DIRECTED,HIGH,OBSERVED,,,,,RULE-IDENTITY-BELONGS-TO,p0-census-2026-08-26,HIGH,,,2026-08-26,
edge-00034,preethi-ch-kh317,PRODUCT,BELONGS_TO,preethi-chimneys,CATEGORY,Functional,DIRECTED,HIGH,OBSERVED,,,,,RULE-IDENTITY-BELONGS-TO,p0-census-2026-08-26,HIGH,,,2026-08-26,from products.csv category_id foreign key
edge-00035,preethi-ch-kh317,PRODUCT,FAMILY_MEMBER_OF,preethi-ch-alcor,FAMILY,Functional,DIRECTED,HIGH,OBSERVED,,,,,RULE-IDENTITY-BELONGS-TO,p0-census-2026-08-26,HIGH,,,2026-08-26,
edge-00036,preethi-ch-kh317,PRODUCT,BELONGS_TO,preethi,BRAND,Functional,DIRECTED,HIGH,OBSERVED,,,,,RULE-IDENTITY-BELONGS-TO,p0-census-2026-08-26,HIGH,,,2026-08-26,
edge-00037,preethi-pc-pc024,PRODUCT,BELONGS_TO,preethi-pressure-cookers,CATEGORY,Functional,DIRECTED,HIGH,OBSERVED,,,,,RULE-IDENTITY-BELONGS-TO,p0-census-2026-08-26,HIGH,,,2026-08-26,from products.csv category_id foreign key
edge-00038,preethi-pc-pc024,PRODUCT,FAMILY_MEMBER_OF,preethi-pc-aluminium,FAMILY,Functional,DIRECTED,HIGH,OBSERVED,,,,,RULE-IDENTITY-BELONGS-TO,p0-census-2026-08-26,HIGH,,,2026-08-26,
edge-00039,preethi-pc-pc024,PRODUCT,BELONGS_TO,preethi,BRAND,Functional,DIRECTED,HIGH,OBSERVED,,,,,RULE-IDENTITY-BELONGS-TO,p0-census-2026-08-26,HIGH,,,2026-08-26,
edge-00040,preethi-cw-kadai26,PRODUCT,BELONGS_TO,preethi-cookware,CATEGORY,Functional,DIRECTED,HIGH,OBSERVED,,,,,RULE-IDENTITY-BELONGS-TO,p0-census-2026-08-26,HIGH,,,2026-08-26,from products.csv category_id foreign key
edge-00041,preethi-cw-kadai26,PRODUCT,FAMILY_MEMBER_OF,preethi-cw-dura,FAMILY,Functional,DIRECTED,HIGH,OBSERVED,,,,,RULE-IDENTITY-BELONGS-TO,p0-census-2026-08-26,HIGH,,,2026-08-26,
edge-00042,preethi-cw-kadai26,PRODUCT,BELONGS_TO,preethi,BRAND,Functional,DIRECTED,HIGH,OBSERVED,,,,,RULE-IDENTITY-BELONGS-TO,p0-census-2026-08-26,HIGH,,,2026-08-26,
edge-00043,preethi-cw-csw037,PRODUCT,BELONGS_TO,preethi-cookware,CATEGORY,Functional,DIRECTED,HIGH,OBSERVED,,,,,RULE-IDENTITY-BELONGS-TO,p0-census-2026-08-26,HIGH,,,2026-08-26,from products.csv category_id foreign key
edge-00044,preethi-cw-csw037,PRODUCT,FAMILY_MEMBER_OF,preethi-cw-csw,FAMILY,Functional,DIRECTED,HIGH,OBSERVED,,,,,RULE-IDENTITY-BELONGS-TO,p0-census-2026-08-26,HIGH,,,2026-08-26,
edge-00045,preethi-cw-csw037,PRODUCT,BELONGS_TO,preethi,BRAND,Functional,DIRECTED,HIGH,OBSERVED,,,,,RULE-IDENTITY-BELONGS-TO,p0-census-2026-08-26,HIGH,,,2026-08-26,
edge-00046,philips-air-ac0650-20,PRODUCT,BELONGS_TO,philips-air-climate,CATEGORY,Functional,DIRECTED,HIGH,OBSERVED,,,,,RULE-IDENTITY-BELONGS-TO,p0-census-2026-08-26,HIGH,,,2026-08-26,from products.csv category_id foreign key
edge-00047,philips-air-ac0650-20,PRODUCT,FAMILY_MEMBER_OF,philips-air-600,FAMILY,Functional,DIRECTED,HIGH,OBSERVED,,,,,RULE-IDENTITY-BELONGS-TO,p0-census-2026-08-26,HIGH,,,2026-08-26,
edge-00048,philips-air-ac0650-20,PRODUCT,BELONGS_TO,philips,BRAND,Functional,DIRECTED,HIGH,OBSERVED,,,,,RULE-IDENTITY-BELONGS-TO,p0-census-2026-08-26,HIGH,,,2026-08-26,
edge-00049,philips-air-ac0650-20,PRODUCT,HAS_CAPABILITY,ARCH_A1_DEDICATED_PURIFICATION,CAPABILITY,Functional,DIRECTED,HIGH,DERIVED,,,,,RULE-LENS-A-ARCHITECTURE,p0-census-2026-08-26,HIGH,,,2026-08-26,
edge-00050,philips-air-ac0650-20,PRODUCT,USES_INTELLIGENCE_LEVEL,INTEL_D0_MANUAL,INTELLIGENCE,Functional,DIRECTED,HIGH,DERIVED,,,,,RULE-LENS-D-INTELLIGENCE,p0-census-2026-08-26,MEDIUM,,,2026-08-26,"no sensor/ai_claim spec row captured for this SKU -- absence of evidence, not confirmed absence of feature"
edge-00051,philips-air-ac0650-20,PRODUCT,USES_INTELLIGENCE_LEVEL,INTEL_D2_CONNECTED,INTELLIGENCE,Functional,DIRECTED,HIGH,DERIVED,,,,,RULE-LENS-D-INTELLIGENCE,p0-census-2026-08-26,HIGH,,,2026-08-26,
edge-00052,philips-air-ac0650-20,PRODUCT,USES_DIGITAL_LAYER,DIGITAL_CONNECTIVITY,DIGITAL,Functional,DIRECTED,HIGH,DERIVED,,,,,RULE-DIGITAL-LAYER,p0-census-2026-08-26,HIGH,,,2026-08-26,
edge-00053,philips-air-ac0651-10,PRODUCT,BELONGS_TO,philips-air-climate,CATEGORY,Functional,DIRECTED,HIGH,OBSERVED,,,,,RULE-IDENTITY-BELONGS-TO,p0-census-2026-08-26,HIGH,,,2026-08-26,from products.csv category_id foreign key
edge-00054,philips-air-ac0651-10,PRODUCT,FAMILY_MEMBER_OF,philips-air-600,FAMILY,Functional,DIRECTED,HIGH,OBSERVED,,,,,RULE-IDENTITY-BELONGS-TO,p0-census-2026-08-26,HIGH,,,2026-08-26,
edge-00055,philips-air-ac0651-10,PRODUCT,BELONGS_TO,philips,BRAND,Functional,DIRECTED,HIGH,OBSERVED,,,,,RULE-IDENTITY-BELONGS-TO,p0-census-2026-08-26,HIGH,,,2026-08-26,
edge-00056,philips-air-ac0651-10,PRODUCT,HAS_CAPABILITY,ARCH_A1_DEDICATED_PURIFICATION,CAPABILITY,Functional,DIRECTED,HIGH,DERIVED,,,,,RULE-LENS-A-ARCHITECTURE,p0-census-2026-08-26,HIGH,,,2026-08-26,
edge-00057,philips-air-ac0651-10,PRODUCT,USES_INTELLIGENCE_LEVEL,INTEL_D0_MANUAL,INTELLIGENCE,Functional,DIRECTED,HIGH,DERIVED,,,,,RULE-LENS-D-INTELLIGENCE,p0-census-2026-08-26,MEDIUM,,,2026-08-26,"no sensor/ai_claim spec row captured for this SKU -- absence of evidence, not confirmed absence of feature"
edge-00058,philips-air-ac0850-41,PRODUCT,BELONGS_TO,philips-air-climate,CATEGORY,Functional,DIRECTED,HIGH,OBSERVED,,,,,RULE-IDENTITY-BELONGS-TO,p0-census-2026-08-26,HIGH,,,2026-08-26,from products.csv category_id foreign key
edge-00059,philips-air-ac0850-41,PRODUCT,FAMILY_MEMBER_OF,philips-air-800,FAMILY,Functional,DIRECTED,HIGH,OBSERVED,,,,,RULE-IDENTITY-BELONGS-TO,p0-census-2026-08-26,HIGH,,,2026-08-26,
edge-00060,philips-air-ac0850-41,PRODUCT,BELONGS_TO,philips,BRAND,Functional,DIRECTED,HIGH,OBSERVED,,,,,RULE-IDENTITY-BELONGS-TO,p0-census-2026-08-26,HIGH,,,2026-08-26,
edge-00061,philips-air-ac0850-41,PRODUCT,HAS_CAPABILITY,ARCH_A1_DEDICATED_PURIFICATION,CAPABILITY,Functional,DIRECTED,HIGH,DERIVED,,,,,RULE-LENS-A-ARCHITECTURE,p0-census-2026-08-26,HIGH,,,2026-08-26,
edge-00062,philips-air-ac0850-41,PRODUCT,USES_INTELLIGENCE_LEVEL,INTEL_D0_MANUAL,INTELLIGENCE,Functional,DIRECTED,HIGH,DERIVED,,,,,RULE-LENS-D-INTELLIGENCE,p0-census-2026-08-26,MEDIUM,,,2026-08-26,"no sensor/ai_claim spec row captured for this SKU -- absence of evidence, not confirmed absence of feature"
edge-00063,philips-air-ac0920-10,PRODUCT,BELONGS_TO,philips-air-climate,CATEGORY,Functional,DIRECTED,HIGH,OBSERVED,,,,,RULE-IDENTITY-BELONGS-TO,p0-census-2026-08-26,HIGH,,,2026-08-26,from products.csv category_id foreign key
edge-00064,philips-air-ac0920-10,PRODUCT,FAMILY_MEMBER_OF,philips-air-pureprotect-mini-900,FAMILY,Functional,DIRECTED,HIGH,OBSERVED,,,,,RULE-IDENTITY-BELONGS-TO,p0-census-2026-08-26,HIGH,,,2026-08-26,
edge-00065,philips-air-ac0920-10,PRODUCT,BELONGS_TO,philips,BRAND,Functional,DIRECTED,HIGH,OBSERVED,,,,,RULE-IDENTITY-BELONGS-TO,p0-census-2026-08-26,HIGH,,,2026-08-26,
edge-00066,philips-air-ac0920-10,PRODUCT,HAS_CAPABILITY,ARCH_A1_DEDICATED_PURIFICATION,CAPABILITY,Functional,DIRECTED,HIGH,DERIVED,,,,,RULE-LENS-A-ARCHITECTURE,p0-census-2026-08-26,HIGH,,,2026-08-26,
edge-00067,philips-air-ac0920-10,PRODUCT,USES_INTELLIGENCE_LEVEL,INTEL_D0_MANUAL,INTELLIGENCE,Functional,DIRECTED,HIGH,DERIVED,,,,,RULE-LENS-D-INTELLIGENCE,p0-census-2026-08-26,MEDIUM,,,2026-08-26,"no sensor/ai_claim spec row captured for this SKU -- absence of evidence, not confirmed absence of feature"
edge-00068,philips-air-ac0950-10,PRODUCT,BELONGS_TO,philips-air-climate,CATEGORY,Functional,DIRECTED,HIGH,OBSERVED,,,,,RULE-IDENTITY-BELONGS-TO,p0-census-2026-08-26,HIGH,,,2026-08-26,from products.csv category_id foreign key
edge-00069,philips-air-ac0950-10,PRODUCT,FAMILY_MEMBER_OF,philips-air-pureprotect-mini-900,FAMILY,Functional,DIRECTED,HIGH,OBSERVED,,,,,RULE-IDENTITY-BELONGS-TO,p0-census-2026-08-26,HIGH,,,2026-08-26,
edge-00070,philips-air-ac0950-10,PRODUCT,BELONGS_TO,philips,BRAND,Functional,DIRECTED,HIGH,OBSERVED,,,,,RULE-IDENTITY-BELONGS-TO,p0-census-2026-08-26,HIGH,,,2026-08-26,
edge-00071,philips-air-ac0950-10,PRODUCT,HAS_CAPABILITY,ARCH_A1_DEDICATED_PURIFICATION,CAPABILITY,Functional,DIRECTED,HIGH,DERIVED,,,,,RULE-LENS-A-ARCHITECTURE,p0-census-2026-08-26,HIGH,,,2026-08-26,
edge-00072,philips-air-ac0950-10,PRODUCT,USES_INTELLIGENCE_LEVEL,INTEL_D0_MANUAL,INTELLIGENCE,Functional,DIRECTED,HIGH,DERIVED,,,,,RULE-LENS-D-INTELLIGENCE,p0-census-2026-08-26,MEDIUM,,,2026-08-26,"no sensor/ai_claim spec row captured for this SKU -- absence of evidence, not confirmed absence of feature"
edge-00073,philips-air-ac0951-13,PRODUCT,BELONGS_TO,philips-air-climate,CATEGORY,Functional,DIRECTED,HIGH,OBSERVED,,,,,RULE-IDENTITY-BELONGS-TO,p0-census-2026-08-26,HIGH,,,2026-08-26,from products.csv category_id foreign key
edge-00074,philips-air-ac0951-13,PRODUCT,FAMILY_MEMBER_OF,philips-air-pureprotect-mini-900,FAMILY,Functional,DIRECTED,HIGH,OBSERVED,,,,,RULE-IDENTITY-BELONGS-TO,p0-census-2026-08-26,HIGH,,,2026-08-26,
edge-00075,philips-air-ac0951-13,PRODUCT,BELONGS_TO,philips,BRAND,Functional,DIRECTED,HIGH,OBSERVED,,,,,RULE-IDENTITY-BELONGS-TO,p0-census-2026-08-26,HIGH,,,2026-08-26,
edge-00076,philips-air-ac0951-13,PRODUCT,HAS_CAPABILITY,ARCH_A1_DEDICATED_PURIFICATION,CAPABILITY,Functional,DIRECTED,HIGH,DERIVED,,,,,RULE-LENS-A-ARCHITECTURE,p0-census-2026-08-26,HIGH,,,2026-08-26,
edge-00077,philips-air-ac0951-13,PRODUCT,USES_INTELLIGENCE_LEVEL,INTEL_D3_ADAPTIVE,INTELLIGENCE,Functional,DIRECTED,HIGH,DERIVED,,,,,RULE-LENS-D-INTELLIGENCE,p0-census-2026-08-26,MEDIUM,,,2026-08-26,"ai_claim text references routine/history-based adaptation, not just a sensor threshold"
edge-00078,philips-air-ac0951-13,PRODUCT,USES_INTELLIGENCE_LEVEL,INTEL_D2_CONNECTED,INTELLIGENCE,Functional,DIRECTED,HIGH,DERIVED,,,,,RULE-LENS-D-INTELLIGENCE,p0-census-2026-08-26,HIGH,,,2026-08-26,
edge-00079,philips-air-ac0951-13,PRODUCT,USES_DIGITAL_LAYER,DIGITAL_CONNECTIVITY,DIGITAL,Functional,DIRECTED,HIGH,DERIVED,,,,,RULE-DIGITAL-LAYER,p0-census-2026-08-26,HIGH,,,2026-08-26,
edge-00080,philips-air-ac1715-41,PRODUCT,BELONGS_TO,philips-air-climate,CATEGORY,Functional,DIRECTED,HIGH,OBSERVED,,,,,RULE-IDENTITY-BELONGS-TO,p0-census-2026-08-26,HIGH,,,2026-08-26,from products.csv category_id foreign key
edge-00081,philips-air-ac1715-41,PRODUCT,FAMILY_MEMBER_OF,philips-air-1000i,FAMILY,Functional,DIRECTED,HIGH,OBSERVED,,,,,RULE-IDENTITY-BELONGS-TO,p0-census-2026-08-26,HIGH,,,2026-08-26,
edge-00082,philips-air-ac1715-41,PRODUCT,BELONGS_TO,philips,BRAND,Functional,DIRECTED,HIGH,OBSERVED,,,,,RULE-IDENTITY-BELONGS-TO,p0-census-2026-08-26,HIGH,,,2026-08-26,
edge-00083,philips-air-ac1715-41,PRODUCT,HAS_CAPABILITY,ARCH_A1_DEDICATED_PURIFICATION,CAPABILITY,Functional,DIRECTED,HIGH,DERIVED,,,,,RULE-LENS-A-ARCHITECTURE,p0-census-2026-08-26,HIGH,,,2026-08-26,
edge-00084,philips-air-ac1715-41,PRODUCT,USES_INTELLIGENCE_LEVEL,INTEL_D0_MANUAL,INTELLIGENCE,Functional,DIRECTED,HIGH,DERIVED,,,,,RULE-LENS-D-INTELLIGENCE,p0-census-2026-08-26,MEDIUM,,,2026-08-26,"no sensor/ai_claim spec row captured for this SKU -- absence of evidence, not confirmed absence of feature"
edge-00085,philips-air-ac2889-40,PRODUCT,BELONGS_TO,philips-air-climate,CATEGORY,Functional,DIRECTED,HIGH,OBSERVED,,,,,RULE-IDENTITY-BELONGS-TO,p0-census-2026-08-26,HIGH,,,2026-08-26,from products.csv category_id foreign key
edge-00086,philips-air-ac2889-40,PRODUCT,FAMILY_MEMBER_OF,philips-air-2000,FAMILY,Functional,DIRECTED,HIGH,OBSERVED,,,,,RULE-IDENTITY-BELONGS-TO,p0-census-2026-08-26,HIGH,,,2026-08-26,
edge-00087,philips-air-ac2889-40,PRODUCT,BELONGS_TO,philips,BRAND,Functional,DIRECTED,HIGH,OBSERVED,,,,,RULE-IDENTITY-BELONGS-TO,p0-census-2026-08-26,HIGH,,,2026-08-26,
edge-00088,philips-air-ac2889-40,PRODUCT,HAS_CAPABILITY,ARCH_A1_DEDICATED_PURIFICATION,CAPABILITY,Functional,DIRECTED,HIGH,DERIVED,,,,,RULE-LENS-A-ARCHITECTURE,p0-census-2026-08-26,HIGH,,,2026-08-26,
edge-00089,philips-air-ac2889-40,PRODUCT,USES_INTELLIGENCE_LEVEL,INTEL_D0_MANUAL,INTELLIGENCE,Functional,DIRECTED,HIGH,DERIVED,,,,,RULE-LENS-D-INTELLIGENCE,p0-census-2026-08-26,MEDIUM,,,2026-08-26,"no sensor/ai_claim spec row captured for this SKU -- absence of evidence, not confirmed absence of feature"
edge-00090,philips-air-ac2220-10,PRODUCT,BELONGS_TO,philips-air-climate,CATEGORY,Functional,DIRECTED,HIGH,OBSERVED,,,,,RULE-IDENTITY-BELONGS-TO,p0-census-2026-08-26,HIGH,,,2026-08-26,from products.csv category_id foreign key
edge-00091,philips-air-ac2220-10,PRODUCT,FAMILY_MEMBER_OF,philips-air-pureprotect-quiet-2200,FAMILY,Functional,DIRECTED,HIGH,OBSERVED,,,,,RULE-IDENTITY-BELONGS-TO,p0-census-2026-08-26,HIGH,,,2026-08-26,
edge-00092,philips-air-ac2220-10,PRODUCT,BELONGS_TO,philips,BRAND,Functional,DIRECTED,HIGH,OBSERVED,,,,,RULE-IDENTITY-BELONGS-TO,p0-census-2026-08-26,HIGH,,,2026-08-26,
edge-00093,philips-air-ac2220-10,PRODUCT,HAS_CAPABILITY,ARCH_A1_DEDICATED_PURIFICATION,CAPABILITY,Functional,DIRECTED,HIGH,DERIVED,,,,,RULE-LENS-A-ARCHITECTURE,p0-census-2026-08-26,HIGH,,,2026-08-26,
edge-00094,philips-air-ac2220-10,PRODUCT,USES_INTELLIGENCE_LEVEL,INTEL_D3_ADAPTIVE,INTELLIGENCE,Functional,DIRECTED,HIGH,DERIVED,,,,,RULE-LENS-D-INTELLIGENCE,p0-census-2026-08-26,MEDIUM,,,2026-08-26,"ai_claim text references routine/history-based adaptation, not just a sensor threshold"
edge-00095,philips-air-ac3033-73,PRODUCT,BELONGS_TO,philips-air-climate,CATEGORY,Functional,DIRECTED,HIGH,OBSERVED,,,,,RULE-IDENTITY-BELONGS-TO,p0-census-2026-08-26,HIGH,,,2026-08-26,from products.csv category_id foreign key
edge-00096,philips-air-ac3033-73,PRODUCT,FAMILY_MEMBER_OF,philips-air-3000,FAMILY,Functional,DIRECTED,HIGH,OBSERVED,,,,,RULE-IDENTITY-BELONGS-TO,p0-census-2026-08-26,HIGH,,,2026-08-26,
edge-00097,philips-air-ac3033-73,PRODUCT,BELONGS_TO,philips,BRAND,Functional,DIRECTED,HIGH,OBSERVED,,,,,RULE-IDENTITY-BELONGS-TO,p0-census-2026-08-26,HIGH,,,2026-08-26,
edge-00098,philips-air-ac3033-73,PRODUCT,HAS_CAPABILITY,ARCH_A1_DEDICATED_PURIFICATION,CAPABILITY,Functional,DIRECTED,HIGH,DERIVED,,,,,RULE-LENS-A-ARCHITECTURE,p0-census-2026-08-26,HIGH,,,2026-08-26,
edge-00099,philips-air-ac3033-73,PRODUCT,USES_INTELLIGENCE_LEVEL,INTEL_D0_MANUAL,INTELLIGENCE,Functional,DIRECTED,HIGH,DERIVED,,,,,RULE-LENS-D-INTELLIGENCE,p0-census-2026-08-26,MEDIUM,,,2026-08-26,"no sensor/ai_claim spec row captured for this SKU -- absence of evidence, not confirmed absence of feature"
edge-00100,philips-air-ac3220-10,PRODUCT,BELONGS_TO,philips-air-climate,CATEGORY,Functional,DIRECTED,HIGH,OBSERVED,,,,,RULE-IDENTITY-BELONGS-TO,p0-census-2026-08-26,HIGH,,,2026-08-26,from products.csv category_id foreign key
edge-00101,philips-air-ac3220-10,PRODUCT,FAMILY_MEMBER_OF,philips-air-pureprotect-3200,FAMILY,Functional,DIRECTED,HIGH,OBSERVED,,,,,RULE-IDENTITY-BELONGS-TO,p0-census-2026-08-26,HIGH,,,2026-08-26,
edge-00102,philips-air-ac3220-10,PRODUCT,BELONGS_TO,philips,BRAND,Functional,DIRECTED,HIGH,OBSERVED,,,,,RULE-IDENTITY-BELONGS-TO,p0-census-2026-08-26,HIGH,,,2026-08-26,
edge-00103,philips-air-ac3220-10,PRODUCT,HAS_CAPABILITY,ARCH_A1_DEDICATED_PURIFICATION,CAPABILITY,Functional,DIRECTED,HIGH,DERIVED,,,,,RULE-LENS-A-ARCHITECTURE,p0-census-2026-08-26,HIGH,,,2026-08-26,
edge-00104,philips-air-ac3220-10,PRODUCT,USES_INTELLIGENCE_LEVEL,INTEL_D3_ADAPTIVE,INTELLIGENCE,Functional,DIRECTED,HIGH,DERIVED,,,,,RULE-LENS-D-INTELLIGENCE,p0-census-2026-08-26,MEDIUM,,,2026-08-26,"ai_claim text references routine/history-based adaptation, not just a sensor threshold"
edge-00105,philips-air-ac3220-10,PRODUCT,USES_INTELLIGENCE_LEVEL,INTEL_D2_CONNECTED,INTELLIGENCE,Functional,DIRECTED,HIGH,DERIVED,,,,,RULE-LENS-D-INTELLIGENCE,p0-census-2026-08-26,HIGH,,,2026-08-26,
edge-00106,philips-air-ac3220-10,PRODUCT,USES_DIGITAL_LAYER,DIGITAL_CONNECTIVITY,DIGITAL,Functional,DIRECTED,HIGH,DERIVED,,,,,RULE-DIGITAL-LAYER,p0-census-2026-08-26,HIGH,,,2026-08-26,
edge-00107,philips-air-ac3420-10,PRODUCT,BELONGS_TO,philips-air-climate,CATEGORY,Functional,DIRECTED,HIGH,OBSERVED,,,,,RULE-IDENTITY-BELONGS-TO,p0-census-2026-08-26,HIGH,,,2026-08-26,from products.csv category_id foreign key
edge-00108,philips-air-ac3420-10,PRODUCT,FAMILY_MEMBER_OF,philips-air-pureprotect-water-3400,FAMILY,Functional,DIRECTED,HIGH,OBSERVED,,,,,RULE-IDENTITY-BELONGS-TO,p0-census-2026-08-26,HIGH,,,2026-08-26,
edge-00109,philips-air-ac3420-10,PRODUCT,BELONGS_TO,philips,BRAND,Functional,DIRECTED,HIGH,OBSERVED,,,,,RULE-IDENTITY-BELONGS-TO,p0-census-2026-08-26,HIGH,,,2026-08-26,
edge-00110,philips-air-ac3420-10,PRODUCT,HAS_CAPABILITY,ARCH_A2_PURIFICATION_HUMIDIFICATION,CAPABILITY,Functional,DIRECTED,HIGH,DERIVED,,,,,RULE-LENS-A-ARCHITECTURE,p0-census-2026-08-26,HIGH,,,2026-08-26,
edge-00111,philips-air-ac3420-10,PRODUCT,USES_INTELLIGENCE_LEVEL,INTEL_D1_REACTIVE,INTELLIGENCE,Functional,DIRECTED,HIGH,DERIVED,,,,,RULE-LENS-D-INTELLIGENCE,p0-census-2026-08-26,HIGH,,,2026-08-26,
edge-00112,philips-air-ac4220-12,PRODUCT,BELONGS_TO,philips-air-climate,CATEGORY,Functional,DIRECTED,HIGH,OBSERVED,,,,,RULE-IDENTITY-BELONGS-TO,p0-census-2026-08-26,HIGH,,,2026-08-26,from products.csv category_id foreign key
edge-00113,philips-air-ac4220-12,PRODUCT,FAMILY_MEMBER_OF,philips-air-pureprotect-pro-4200,FAMILY,Functional,DIRECTED,HIGH,OBSERVED,,,,,RULE-IDENTITY-BELONGS-TO,p0-census-2026-08-26,HIGH,,,2026-08-26,
edge-00114,philips-air-ac4220-12,PRODUCT,BELONGS_TO,philips,BRAND,Functional,DIRECTED,HIGH,OBSERVED,,,,,RULE-IDENTITY-BELONGS-TO,p0-census-2026-08-26,HIGH,,,2026-08-26,
edge-00115,philips-air-ac4220-12,PRODUCT,HAS_CAPABILITY,ARCH_A1_DEDICATED_PURIFICATION,CAPABILITY,Functional,DIRECTED,HIGH,DERIVED,,,,,RULE-LENS-A-ARCHITECTURE,p0-census-2026-08-26,HIGH,,,2026-08-26,
edge-00116,philips-air-ac4220-12,PRODUCT,USES_INTELLIGENCE_LEVEL,INTEL_D0_MANUAL,INTELLIGENCE,Functional,DIRECTED,HIGH,DERIVED,,,,,RULE-LENS-D-INTELLIGENCE,p0-census-2026-08-26,MEDIUM,,,2026-08-26,"no sensor/ai_claim spec row captured for this SKU -- absence of evidence, not confirmed absence of feature"
edge-00117,philips-air-amf220-15,PRODUCT,BELONGS_TO,philips-air-climate,CATEGORY,Functional,DIRECTED,HIGH,OBSERVED,,,,,RULE-IDENTITY-BELONGS-TO,p0-census-2026-08-26,HIGH,,,2026-08-26,from products.csv category_id foreign key
edge-00118,philips-air-amf220-15,PRODUCT,FAMILY_MEMBER_OF,philips-air-2000-3in1,FAMILY,Functional,DIRECTED,HIGH,OBSERVED,,,,,RULE-IDENTITY-BELONGS-TO,p0-census-2026-08-26,HIGH,,,2026-08-26,
edge-00119,philips-air-amf220-15,PRODUCT,BELONGS_TO,philips,BRAND,Functional,DIRECTED,HIGH,OBSERVED,,,,,RULE-IDENTITY-BELONGS-TO,p0-census-2026-08-26,HIGH,,,2026-08-26,
edge-00120,philips-air-amf220-15,PRODUCT,HAS_CAPABILITY,ARCH_A4_PURIFICATION_FAN_HEAT,CAPABILITY,Functional,DIRECTED,HIGH,DERIVED,,,,,RULE-LENS-A-ARCHITECTURE,p0-census-2026-08-26,HIGH,,,2026-08-26,
edge-00121,philips-air-amf220-15,PRODUCT,USES_INTELLIGENCE_LEVEL,INTEL_D0_MANUAL,INTELLIGENCE,Functional,DIRECTED,HIGH,DERIVED,,,,,RULE-LENS-D-INTELLIGENCE,p0-census-2026-08-26,MEDIUM,,,2026-08-26,"no sensor/ai_claim spec row captured for this SKU -- absence of evidence, not confirmed absence of feature"
edge-00122,philips-air-amf765-30,PRODUCT,BELONGS_TO,philips-air-climate,CATEGORY,Functional,DIRECTED,HIGH,OBSERVED,,,,,RULE-IDENTITY-BELONGS-TO,p0-census-2026-08-26,HIGH,,,2026-08-26,from products.csv category_id foreign key
edge-00123,philips-air-amf765-30,PRODUCT,FAMILY_MEMBER_OF,philips-air-performer-7000,FAMILY,Functional,DIRECTED,HIGH,OBSERVED,,,,,RULE-IDENTITY-BELONGS-TO,p0-census-2026-08-26,HIGH,,,2026-08-26,
edge-00124,philips-air-amf765-30,PRODUCT,BELONGS_TO,philips,BRAND,Functional,DIRECTED,HIGH,OBSERVED,,,,,RULE-IDENTITY-BELONGS-TO,p0-census-2026-08-26,HIGH,,,2026-08-26,
edge-00125,philips-air-amf765-30,PRODUCT,HAS_CAPABILITY,ARCH_A3_PURIFICATION_FAN,CAPABILITY,Functional,DIRECTED,HIGH,DERIVED,,,,,RULE-LENS-A-ARCHITECTURE,p0-census-2026-08-26,HIGH,,,2026-08-26,
edge-00126,philips-air-amf765-30,PRODUCT,USES_INTELLIGENCE_LEVEL,INTEL_D3_ADAPTIVE,INTELLIGENCE,Functional,DIRECTED,HIGH,DERIVED,,,,,RULE-LENS-D-INTELLIGENCE,p0-census-2026-08-26,MEDIUM,,,2026-08-26,"ai_claim text references routine/history-based adaptation, not just a sensor threshold"
edge-00127,philips-air-amf870-35,PRODUCT,BELONGS_TO,philips-air-climate,CATEGORY,Functional,DIRECTED,HIGH,OBSERVED,,,,,RULE-IDENTITY-BELONGS-TO,p0-census-2026-08-26,HIGH,,,2026-08-26,from products.csv category_id foreign key
edge-00128,philips-air-amf870-35,PRODUCT,FAMILY_MEMBER_OF,philips-air-performer-8000,FAMILY,Functional,DIRECTED,HIGH,OBSERVED,,,,,RULE-IDENTITY-BELONGS-TO,p0-census-2026-08-26,HIGH,,,2026-08-26,
edge-00129,philips-air-amf870-35,PRODUCT,BELONGS_TO,philips,BRAND,Functional,DIRECTED,HIGH,OBSERVED,,,,,RULE-IDENTITY-BELONGS-TO,p0-census-2026-08-26,HIGH,,,2026-08-26,
edge-00130,philips-air-amf870-35,PRODUCT,HAS_CAPABILITY,ARCH_A4_PURIFICATION_FAN_HEAT,CAPABILITY,Functional,DIRECTED,HIGH,DERIVED,,,,,RULE-LENS-A-ARCHITECTURE,p0-census-2026-08-26,HIGH,,,2026-08-26,
edge-00131,philips-air-amf870-35,PRODUCT,USES_INTELLIGENCE_LEVEL,INTEL_D3_ADAPTIVE,INTELLIGENCE,Functional,DIRECTED,HIGH,DERIVED,,,,,RULE-LENS-D-INTELLIGENCE,p0-census-2026-08-26,MEDIUM,,,2026-08-26,"ai_claim text references routine/history-based adaptation, not just a sensor threshold"
edge-00132,philips-air-ac5659-40,PRODUCT,BELONGS_TO,philips-air-climate,CATEGORY,Functional,DIRECTED,HIGH,OBSERVED,,,,,RULE-IDENTITY-BELONGS-TO,p0-census-2026-08-26,HIGH,,,2026-08-26,from products.csv category_id foreign key
edge-00133,philips-air-ac5659-40,PRODUCT,FAMILY_MEMBER_OF,philips-air-5000i,FAMILY,Functional,DIRECTED,HIGH,OBSERVED,,,,,RULE-IDENTITY-BELONGS-TO,p0-census-2026-08-26,HIGH,,,2026-08-26,
edge-00134,philips-air-ac5659-40,PRODUCT,BELONGS_TO,philips,BRAND,Functional,DIRECTED,HIGH,OBSERVED,,,,,RULE-IDENTITY-BELONGS-TO,p0-census-2026-08-26,HIGH,,,2026-08-26,
edge-00135,philips-air-ac5659-40,PRODUCT,HAS_CAPABILITY,ARCH_A1_DEDICATED_PURIFICATION,CAPABILITY,Functional,DIRECTED,HIGH,DERIVED,,,,,RULE-LENS-A-ARCHITECTURE,p0-census-2026-08-26,HIGH,,,2026-08-26,
edge-00136,philips-air-ac5659-40,PRODUCT,USES_INTELLIGENCE_LEVEL,INTEL_D0_MANUAL,INTELLIGENCE,Functional,DIRECTED,HIGH,DERIVED,,,,,RULE-LENS-D-INTELLIGENCE,p0-census-2026-08-26,MEDIUM,,,2026-08-26,"no sensor/ai_claim spec row captured for this SKU -- absence of evidence, not confirmed absence of feature"
edge-00137,philips-cf-bar305-00,PRODUCT,BELONGS_TO,philips-coffee,CATEGORY,Functional,DIRECTED,HIGH,OBSERVED,,,,,RULE-IDENTITY-BELONGS-TO,p0-census-2026-08-26,HIGH,,,2026-08-26,from products.csv category_id foreign key
edge-00138,philips-cf-bar305-00,PRODUCT,FAMILY_MEMBER_OF,philips-cf-baristina,FAMILY,Functional,DIRECTED,HIGH,OBSERVED,,,,,RULE-IDENTITY-BELONGS-TO,p0-census-2026-08-26,HIGH,,,2026-08-26,
edge-00139,philips-cf-bar305-00,PRODUCT,BELONGS_TO,philips,BRAND,Functional,DIRECTED,HIGH,OBSERVED,,,,,RULE-IDENTITY-BELONGS-TO,p0-census-2026-08-26,HIGH,,,2026-08-26,
edge-00140,philips-cf-psa3218-01,PRODUCT,BELONGS_TO,philips-coffee,CATEGORY,Functional,DIRECTED,HIGH,OBSERVED,,,,,RULE-IDENTITY-BELONGS-TO,p0-census-2026-08-26,HIGH,,,2026-08-26,from products.csv category_id foreign key
edge-00141,philips-cf-psa3218-01,PRODUCT,FAMILY_MEMBER_OF,philips-cf-barista-brew,FAMILY,Functional,DIRECTED,HIGH,OBSERVED,,,,,RULE-IDENTITY-BELONGS-TO,p0-census-2026-08-26,HIGH,,,2026-08-26,
edge-00142,philips-cf-psa3218-01,PRODUCT,BELONGS_TO,philips,BRAND,Functional,DIRECTED,HIGH,OBSERVED,,,,,RULE-IDENTITY-BELONGS-TO,p0-census-2026-08-26,HIGH,,,2026-08-26,
edge-00143,philips-cf-ep3347-90,PRODUCT,BELONGS_TO,philips-coffee,CATEGORY,Functional,DIRECTED,HIGH,OBSERVED,,,,,RULE-IDENTITY-BELONGS-TO,p0-census-2026-08-26,HIGH,,,2026-08-26,from products.csv category_id foreign key
edge-00144,philips-cf-ep3347-90,PRODUCT,FAMILY_MEMBER_OF,philips-cf-series-3300,FAMILY,Functional,DIRECTED,HIGH,OBSERVED,,,,,RULE-IDENTITY-BELONGS-TO,p0-census-2026-08-26,HIGH,,,2026-08-26,
edge-00145,philips-cf-ep3347-90,PRODUCT,BELONGS_TO,philips,BRAND,Functional,DIRECTED,HIGH,OBSERVED,,,,,RULE-IDENTITY-BELONGS-TO,p0-census-2026-08-26,HIGH,,,2026-08-26,
edge-00146,philips-cf-ep8757-20,PRODUCT,BELONGS_TO,philips-coffee,CATEGORY,Functional,DIRECTED,HIGH,OBSERVED,,,,,RULE-IDENTITY-BELONGS-TO,p0-census-2026-08-26,HIGH,,,2026-08-26,from products.csv category_id foreign key
edge-00147,philips-cf-ep8757-20,PRODUCT,FAMILY_MEMBER_OF,philips-cf-cafe-aromis-8000,FAMILY,Functional,DIRECTED,HIGH,OBSERVED,,,,,RULE-IDENTITY-BELONGS-TO,p0-census-2026-08-26,HIGH,,,2026-08-26,
edge-00148,philips-cf-ep8757-20,PRODUCT,BELONGS_TO,philips,BRAND,Functional,DIRECTED,HIGH,OBSERVED,,,,,RULE-IDENTITY-BELONGS-TO,p0-census-2026-08-26,HIGH,,,2026-08-26,
edge-00149,lor-barista-cf-lm8018,PRODUCT,BELONGS_TO,lor-barista-coffee,CATEGORY,Functional,DIRECTED,HIGH,OBSERVED,,,,,RULE-IDENTITY-BELONGS-TO,p0-census-2026-08-26,HIGH,,,2026-08-26,from products.csv category_id foreign key
edge-00150,lor-barista-cf-lm8018,PRODUCT,FAMILY_MEMBER_OF,lor-barista-cf-family,FAMILY,Functional,DIRECTED,HIGH,OBSERVED,,,,,RULE-IDENTITY-BELONGS-TO,p0-census-2026-08-26,HIGH,,,2026-08-26,
edge-00151,lor-barista-cf-lm8018,PRODUCT,BELONGS_TO,lor-barista,BRAND,Functional,DIRECTED,HIGH,OBSERVED,,,,,RULE-IDENTITY-BELONGS-TO,p0-census-2026-08-26,HIGH,,,2026-08-26,
edge-00152,senseo-cf-original-nl,PRODUCT,BELONGS_TO,senseo-coffee,CATEGORY,Functional,DIRECTED,HIGH,OBSERVED,,,,,RULE-IDENTITY-BELONGS-TO,p0-census-2026-08-26,HIGH,,,2026-08-26,from products.csv category_id foreign key
edge-00153,senseo-cf-original-nl,PRODUCT,FAMILY_MEMBER_OF,senseo-cf-original,FAMILY,Functional,DIRECTED,HIGH,OBSERVED,,,,,RULE-IDENTITY-BELONGS-TO,p0-census-2026-08-26,HIGH,,,2026-08-26,
edge-00154,senseo-cf-original-nl,PRODUCT,BELONGS_TO,senseo,BRAND,Functional,DIRECTED,HIGH,OBSERVED,,,,,RULE-IDENTITY-BELONGS-TO,p0-census-2026-08-26,HIGH,,,2026-08-26,
edge-00155,saeco-cf-xelsis-suprema-sm8889,PRODUCT,BELONGS_TO,saeco-coffee,CATEGORY,Functional,DIRECTED,HIGH,OBSERVED,,,,,RULE-IDENTITY-BELONGS-TO,p0-census-2026-08-26,HIGH,,,2026-08-26,from products.csv category_id foreign key
edge-00156,saeco-cf-xelsis-suprema-sm8889,PRODUCT,FAMILY_MEMBER_OF,saeco-cf-xelsis-suprema,FAMILY,Functional,DIRECTED,HIGH,OBSERVED,,,,,RULE-IDENTITY-BELONGS-TO,p0-census-2026-08-26,HIGH,,,2026-08-26,
edge-00157,saeco-cf-xelsis-suprema-sm8889,PRODUCT,BELONGS_TO,saeco,BRAND,Functional,DIRECTED,HIGH,OBSERVED,,,,,RULE-IDENTITY-BELONGS-TO,p0-census-2026-08-26,HIGH,,,2026-08-26,
edge-00158,saeco-cf-xelsis-deluxe-sm8782,PRODUCT,BELONGS_TO,saeco-coffee,CATEGORY,Functional,DIRECTED,HIGH,OBSERVED,,,,,RULE-IDENTITY-BELONGS-TO,p0-census-2026-08-26,HIGH,,,2026-08-26,from products.csv category_id foreign key
edge-00159,saeco-cf-xelsis-deluxe-sm8782,PRODUCT,FAMILY_MEMBER_OF,saeco-cf-xelsis-deluxe,FAMILY,Functional,DIRECTED,HIGH,OBSERVED,,,,,RULE-IDENTITY-BELONGS-TO,p0-census-2026-08-26,HIGH,,,2026-08-26,
edge-00160,saeco-cf-xelsis-deluxe-sm8782,PRODUCT,BELONGS_TO,saeco,BRAND,Functional,DIRECTED,HIGH,OBSERVED,,,,,RULE-IDENTITY-BELONGS-TO,p0-census-2026-08-26,HIGH,,,2026-08-26,
edge-00161,saeco-cf-granaroma-sm6480,PRODUCT,BELONGS_TO,saeco-coffee,CATEGORY,Functional,DIRECTED,HIGH,OBSERVED,,,,,RULE-IDENTITY-BELONGS-TO,p0-census-2026-08-26,HIGH,,,2026-08-26,from products.csv category_id foreign key
edge-00162,saeco-cf-granaroma-sm6480,PRODUCT,FAMILY_MEMBER_OF,saeco-cf-granaroma,FAMILY,Functional,DIRECTED,HIGH,OBSERVED,,,,,RULE-IDENTITY-BELONGS-TO,p0-census-2026-08-26,HIGH,,,2026-08-26,
edge-00163,saeco-cf-granaroma-sm6480,PRODUCT,BELONGS_TO,saeco,BRAND,Functional,DIRECTED,HIGH,OBSERVED,,,,,RULE-IDENTITY-BELONGS-TO,p0-census-2026-08-26,HIGH,,,2026-08-26,
edge-00164,gaggia-cf-classicup,PRODUCT,BELONGS_TO,gaggia-coffee,CATEGORY,Functional,DIRECTED,HIGH,OBSERVED,,,,,RULE-IDENTITY-BELONGS-TO,p0-census-2026-08-26,HIGH,,,2026-08-26,from products.csv category_id foreign key
edge-00165,gaggia-cf-classicup,PRODUCT,FAMILY_MEMBER_OF,gaggia-cf-classic,FAMILY,Functional,DIRECTED,HIGH,OBSERVED,,,,,RULE-IDENTITY-BELONGS-TO,p0-census-2026-08-26,HIGH,,,2026-08-26,
edge-00166,gaggia-cf-classicup,PRODUCT,BELONGS_TO,gaggia,BRAND,Functional,DIRECTED,HIGH,OBSERVED,,,,,RULE-IDENTITY-BELONGS-TO,p0-census-2026-08-26,HIGH,,,2026-08-26,
edge-00167,philips-hs-hsp5500-02,PRODUCT,BELONGS_TO,philips-home-safety,CATEGORY,Functional,DIRECTED,HIGH,OBSERVED,,,,,RULE-IDENTITY-BELONGS-TO,p0-census-2026-08-26,HIGH,,,2026-08-26,from products.csv category_id foreign key
edge-00168,philips-hs-hsp5500-02,PRODUCT,FAMILY_MEMBER_OF,philips-hs-5000series,FAMILY,Functional,DIRECTED,HIGH,OBSERVED,,,,,RULE-IDENTITY-BELONGS-TO,p0-census-2026-08-26,HIGH,,,2026-08-26,
edge-00169,philips-hs-hsp5500-02,PRODUCT,BELONGS_TO,philips,BRAND,Functional,DIRECTED,HIGH,OBSERVED,,,,,RULE-IDENTITY-BELONGS-TO,p0-census-2026-08-26,HIGH,,,2026-08-26,
edge-00170,philips-hs-hsp5300-01,PRODUCT,BELONGS_TO,philips-home-safety,CATEGORY,Functional,DIRECTED,HIGH,OBSERVED,,,,,RULE-IDENTITY-BELONGS-TO,p0-census-2026-08-26,HIGH,,,2026-08-26,from products.csv category_id foreign key
edge-00171,philips-hs-hsp5300-01,PRODUCT,FAMILY_MEMBER_OF,philips-hs-5000series,FAMILY,Functional,DIRECTED,HIGH,OBSERVED,,,,,RULE-IDENTITY-BELONGS-TO,p0-census-2026-08-26,HIGH,,,2026-08-26,
edge-00172,philips-hs-hsp5300-01,PRODUCT,BELONGS_TO,philips,BRAND,Functional,DIRECTED,HIGH,OBSERVED,,,,,RULE-IDENTITY-BELONGS-TO,p0-census-2026-08-26,HIGH,,,2026-08-26,
edge-00173,philips-pet-paw5320-02,PRODUCT,BELONGS_TO,philips-pet-care,CATEGORY,Functional,DIRECTED,HIGH,OBSERVED,,,,,RULE-IDENTITY-BELONGS-TO,p0-census-2026-08-26,HIGH,,,2026-08-26,from products.csv category_id foreign key
edge-00174,philips-pet-paw5320-02,PRODUCT,FAMILY_MEMBER_OF,philips-pet-series,FAMILY,Functional,DIRECTED,HIGH,OBSERVED,,,,,RULE-IDENTITY-BELONGS-TO,p0-census-2026-08-26,HIGH,,,2026-08-26,
edge-00175,philips-pet-paw5320-02,PRODUCT,BELONGS_TO,philips,BRAND,Functional,DIRECTED,HIGH,OBSERVED,,,,,RULE-IDENTITY-BELONGS-TO,p0-census-2026-08-26,HIGH,,,2026-08-26,
edge-00176,philips-pet-paw3210-02,PRODUCT,BELONGS_TO,philips-pet-care,CATEGORY,Functional,DIRECTED,HIGH,OBSERVED,,,,,RULE-IDENTITY-BELONGS-TO,p0-census-2026-08-26,HIGH,,,2026-08-26,from products.csv category_id foreign key
edge-00177,philips-pet-paw3210-02,PRODUCT,FAMILY_MEMBER_OF,philips-pet-series,FAMILY,Functional,DIRECTED,HIGH,OBSERVED,,,,,RULE-IDENTITY-BELONGS-TO,p0-census-2026-08-26,HIGH,,,2026-08-26,
edge-00178,philips-pet-paw3210-02,PRODUCT,BELONGS_TO,philips,BRAND,Functional,DIRECTED,HIGH,OBSERVED,,,,,RULE-IDENTITY-BELONGS-TO,p0-census-2026-08-26,HIGH,,,2026-08-26,
edge-00179,philips-garden-rsl3000-10,PRODUCT,BELONGS_TO,philips-garden-care,CATEGORY,Functional,DIRECTED,HIGH,OBSERVED,,,,,RULE-IDENTITY-BELONGS-TO,p0-census-2026-08-26,HIGH,,,2026-08-26,from products.csv category_id foreign key
edge-00180,philips-garden-rsl3000-10,PRODUCT,FAMILY_MEMBER_OF,philips-gardencare-3000,FAMILY,Functional,DIRECTED,HIGH,OBSERVED,,,,,RULE-IDENTITY-BELONGS-TO,p0-census-2026-08-26,HIGH,,,2026-08-26,
edge-00181,philips-garden-rsl3000-10,PRODUCT,BELONGS_TO,philips,BRAND,Functional,DIRECTED,HIGH,OBSERVED,,,,,RULE-IDENTITY-BELONGS-TO,p0-census-2026-08-26,HIGH,,,2026-08-26,
edge-00182,walita-af-na150-00,PRODUCT,BELONGS_TO,walita-kitchen,CATEGORY,Functional,DIRECTED,HIGH,OBSERVED,,,,,RULE-IDENTITY-BELONGS-TO,p0-census-2026-08-26,HIGH,,,2026-08-26,from products.csv category_id foreign key
edge-00183,walita-af-na150-00,PRODUCT,FAMILY_MEMBER_OF,walita-af-1000,FAMILY,Functional,DIRECTED,HIGH,OBSERVED,,,,,RULE-IDENTITY-BELONGS-TO,p0-census-2026-08-26,HIGH,,,2026-08-26,
edge-00184,walita-af-na150-00,PRODUCT,BELONGS_TO,philips-walita,BRAND,Functional,DIRECTED,HIGH,OBSERVED,,,,,RULE-IDENTITY-BELONGS-TO,p0-census-2026-08-26,HIGH,,,2026-08-26,
edge-00185,walita-af-ri9270-90,PRODUCT,BELONGS_TO,walita-kitchen,CATEGORY,Functional,DIRECTED,HIGH,OBSERVED,,,,,RULE-IDENTITY-BELONGS-TO,p0-census-2026-08-26,HIGH,,,2026-08-26,from products.csv category_id foreign key
edge-00186,walita-af-ri9270-90,PRODUCT,FAMILY_MEMBER_OF,walita-af-3000,FAMILY,Functional,DIRECTED,HIGH,OBSERVED,,,,,RULE-IDENTITY-BELONGS-TO,p0-census-2026-08-26,HIGH,,,2026-08-26,
edge-00187,walita-af-ri9270-90,PRODUCT,BELONGS_TO,philips-walita,BRAND,Functional,DIRECTED,HIGH,OBSERVED,,,,,RULE-IDENTITY-BELONGS-TO,p0-census-2026-08-26,HIGH,,,2026-08-26,
edge-00188,walita-af-ai551-09,PRODUCT,BELONGS_TO,walita-kitchen,CATEGORY,Functional,DIRECTED,HIGH,OBSERVED,,,,,RULE-IDENTITY-BELONGS-TO,p0-census-2026-08-26,HIGH,,,2026-08-26,from products.csv category_id foreign key
edge-00189,walita-af-ai551-09,PRODUCT,FAMILY_MEMBER_OF,walita-af-5000,FAMILY,Functional,DIRECTED,HIGH,OBSERVED,,,,,RULE-IDENTITY-BELONGS-TO,p0-census-2026-08-26,HIGH,,,2026-08-26,
edge-00190,walita-af-ai551-09,PRODUCT,BELONGS_TO,philips-walita,BRAND,Functional,DIRECTED,HIGH,OBSERVED,,,,,RULE-IDENTITY-BELONGS-TO,p0-census-2026-08-26,HIGH,,,2026-08-26,
edge-00191,walita-cf-ep4441-53,PRODUCT,BELONGS_TO,walita-kitchen,CATEGORY,Functional,DIRECTED,HIGH,OBSERVED,,,,,RULE-IDENTITY-BELONGS-TO,p0-census-2026-08-26,HIGH,,,2026-08-26,from products.csv category_id foreign key
edge-00192,walita-cf-ep4441-53,PRODUCT,FAMILY_MEMBER_OF,walita-cf-4400,FAMILY,Functional,DIRECTED,HIGH,OBSERVED,,,,,RULE-IDENTITY-BELONGS-TO,p0-census-2026-08-26,HIGH,,,2026-08-26,
edge-00193,walita-cf-ep4441-53,PRODUCT,BELONGS_TO,philips-walita,BRAND,Functional,DIRECTED,HIGH,OBSERVED,,,,,RULE-IDENTITY-BELONGS-TO,p0-census-2026-08-26,HIGH,,,2026-08-26,
edge-00194,walita-cf-ep5441-55,PRODUCT,BELONGS_TO,walita-kitchen,CATEGORY,Functional,DIRECTED,HIGH,OBSERVED,,,,,RULE-IDENTITY-BELONGS-TO,p0-census-2026-08-26,HIGH,,,2026-08-26,from products.csv category_id foreign key
edge-00195,walita-cf-ep5441-55,PRODUCT,FAMILY_MEMBER_OF,walita-cf-5400,FAMILY,Functional,DIRECTED,HIGH,OBSERVED,,,,,RULE-IDENTITY-BELONGS-TO,p0-census-2026-08-26,HIGH,,,2026-08-26,
edge-00196,walita-cf-ep5441-55,PRODUCT,BELONGS_TO,philips-walita,BRAND,Functional,DIRECTED,HIGH,OBSERVED,,,,,RULE-IDENTITY-BELONGS-TO,p0-census-2026-08-26,HIGH,,,2026-08-26,
edge-00197,walita-fp-hr7304-90,PRODUCT,BELONGS_TO,walita-kitchen,CATEGORY,Functional,DIRECTED,HIGH,OBSERVED,,,,,RULE-IDENTITY-BELONGS-TO,p0-census-2026-08-26,HIGH,,,2026-08-26,from products.csv category_id foreign key
edge-00198,walita-fp-hr7304-90,PRODUCT,FAMILY_MEMBER_OF,walita-fp-powerchop-1000,FAMILY,Functional,DIRECTED,HIGH,OBSERVED,,,,,RULE-IDENTITY-BELONGS-TO,p0-census-2026-08-26,HIGH,,,2026-08-26,
edge-00199,walita-fp-hr7304-90,PRODUCT,BELONGS_TO,philips-walita,BRAND,Functional,DIRECTED,HIGH,OBSERVED,,,,,RULE-IDENTITY-BELONGS-TO,p0-census-2026-08-26,HIGH,,,2026-08-26,
edge-00200,walita-vac-xc2011-01,PRODUCT,BELONGS_TO,walita-vacuums,CATEGORY,Functional,DIRECTED,HIGH,OBSERVED,,,,,RULE-IDENTITY-BELONGS-TO,p0-census-2026-08-26,HIGH,,,2026-08-26,from products.csv category_id foreign key
edge-00201,walita-vac-xc2011-01,PRODUCT,FAMILY_MEMBER_OF,walita-vac-2000,FAMILY,Functional,DIRECTED,HIGH,OBSERVED,,,,,RULE-IDENTITY-BELONGS-TO,p0-census-2026-08-26,HIGH,,,2026-08-26,
edge-00202,walita-vac-xc2011-01,PRODUCT,BELONGS_TO,philips-walita,BRAND,Functional,DIRECTED,HIGH,OBSERVED,,,,,RULE-IDENTITY-BELONGS-TO,p0-census-2026-08-26,HIGH,,,2026-08-26,
edge-00203,walita-hum-hu1510-04,PRODUCT,BELONGS_TO,walita-climate,CATEGORY,Functional,DIRECTED,HIGH,OBSERVED,,,,,RULE-IDENTITY-BELONGS-TO,p0-census-2026-08-26,HIGH,,,2026-08-26,from products.csv category_id foreign key
edge-00204,walita-hum-hu1510-04,PRODUCT,FAMILY_MEMBER_OF,walita-hum-1000,FAMILY,Functional,DIRECTED,HIGH,OBSERVED,,,,,RULE-IDENTITY-BELONGS-TO,p0-census-2026-08-26,HIGH,,,2026-08-26,
edge-00205,walita-hum-hu1510-04,PRODUCT,BELONGS_TO,philips-walita,BRAND,Functional,DIRECTED,HIGH,OBSERVED,,,,,RULE-IDENTITY-BELONGS-TO,p0-census-2026-08-26,HIGH,,,2026-08-26,
edge-00206,philips-air-ac1715-10-br,PRODUCT,BELONGS_TO,philips-air-climate,CATEGORY,Functional,DIRECTED,HIGH,OBSERVED,,,,,RULE-IDENTITY-BELONGS-TO,p0-census-2026-08-26,HIGH,,,2026-08-26,from products.csv category_id foreign key
edge-00207,philips-air-ac1715-10-br,PRODUCT,FAMILY_MEMBER_OF,philips-air-1000i,FAMILY,Functional,DIRECTED,HIGH,OBSERVED,,,,,RULE-IDENTITY-BELONGS-TO,p0-census-2026-08-26,HIGH,,,2026-08-26,
edge-00208,philips-air-ac1715-10-br,PRODUCT,BELONGS_TO,philips,BRAND,Functional,DIRECTED,HIGH,OBSERVED,,,,,RULE-IDENTITY-BELONGS-TO,p0-census-2026-08-26,HIGH,,,2026-08-26,
edge-00209,philips-air-ac1715-10-br,PRODUCT,HAS_CAPABILITY,ARCH_A1_DEDICATED_PURIFICATION,CAPABILITY,Functional,DIRECTED,HIGH,DERIVED,,,,,RULE-LENS-A-ARCHITECTURE,p0-census-2026-08-26,HIGH,,,2026-08-26,
edge-00210,philips-air-ac1715-10-br,PRODUCT,USES_INTELLIGENCE_LEVEL,INTEL_D0_MANUAL,INTELLIGENCE,Functional,DIRECTED,HIGH,DERIVED,,,,,RULE-LENS-D-INTELLIGENCE,p0-census-2026-08-26,MEDIUM,,,2026-08-26,"no sensor/ai_claim spec row captured for this SKU -- absence of evidence, not confirmed absence of feature"
edge-00211,philips-af-na110-00,PRODUCT,BELONGS_TO,philips-airfryer,CATEGORY,Functional,DIRECTED,HIGH,OBSERVED,,,,,RULE-IDENTITY-BELONGS-TO,p0-census-2026-08-26,HIGH,,,2026-08-26,from products.csv category_id foreign key
edge-00212,philips-af-na110-00,PRODUCT,FAMILY_MEMBER_OF,philips-af-1000,FAMILY,Functional,DIRECTED,HIGH,OBSERVED,,,,,RULE-IDENTITY-BELONGS-TO,p0-census-2026-08-26,HIGH,,,2026-08-26,
edge-00213,philips-af-na110-00,PRODUCT,BELONGS_TO,philips,BRAND,Functional,DIRECTED,HIGH,OBSERVED,,,,,RULE-IDENTITY-BELONGS-TO,p0-census-2026-08-26,HIGH,,,2026-08-26,
edge-00214,philips-af-na220-00,PRODUCT,BELONGS_TO,philips-airfryer,CATEGORY,Functional,DIRECTED,HIGH,OBSERVED,,,,,RULE-IDENTITY-BELONGS-TO,p0-census-2026-08-26,HIGH,,,2026-08-26,from products.csv category_id foreign key
edge-00215,philips-af-na220-00,PRODUCT,FAMILY_MEMBER_OF,philips-af-2000,FAMILY,Functional,DIRECTED,HIGH,OBSERVED,,,,,RULE-IDENTITY-BELONGS-TO,p0-census-2026-08-26,HIGH,,,2026-08-26,
edge-00216,philips-af-na220-00,PRODUCT,BELONGS_TO,philips,BRAND,Functional,DIRECTED,HIGH,OBSERVED,,,,,RULE-IDENTITY-BELONGS-TO,p0-census-2026-08-26,HIGH,,,2026-08-26,
edge-00217,philips-af-na352-00,PRODUCT,BELONGS_TO,philips-airfryer,CATEGORY,Functional,DIRECTED,HIGH,OBSERVED,,,,,RULE-IDENTITY-BELONGS-TO,p0-census-2026-08-26,HIGH,,,2026-08-26,from products.csv category_id foreign key
edge-00218,philips-af-na352-00,PRODUCT,FAMILY_MEMBER_OF,philips-af-3000,FAMILY,Functional,DIRECTED,HIGH,OBSERVED,,,,,RULE-IDENTITY-BELONGS-TO,p0-census-2026-08-26,HIGH,,,2026-08-26,
edge-00219,philips-af-na352-00,PRODUCT,BELONGS_TO,philips,BRAND,Functional,DIRECTED,HIGH,OBSERVED,,,,,RULE-IDENTITY-BELONGS-TO,p0-census-2026-08-26,HIGH,,,2026-08-26,
edge-00220,philips-af-na555-00,PRODUCT,BELONGS_TO,philips-airfryer,CATEGORY,Functional,DIRECTED,HIGH,OBSERVED,,,,,RULE-IDENTITY-BELONGS-TO,p0-census-2026-08-26,HIGH,,,2026-08-26,from products.csv category_id foreign key
edge-00221,philips-af-na555-00,PRODUCT,FAMILY_MEMBER_OF,philips-af-5000,FAMILY,Functional,DIRECTED,HIGH,OBSERVED,,,,,RULE-IDENTITY-BELONGS-TO,p0-census-2026-08-26,HIGH,,,2026-08-26,
edge-00222,philips-af-na555-00,PRODUCT,BELONGS_TO,philips,BRAND,Functional,DIRECTED,HIGH,OBSERVED,,,,,RULE-IDENTITY-BELONGS-TO,p0-census-2026-08-26,HIGH,,,2026-08-26,
edge-00223,philips-af-hd9880-90,PRODUCT,BELONGS_TO,philips-airfryer,CATEGORY,Functional,DIRECTED,HIGH,OBSERVED,,,,,RULE-IDENTITY-BELONGS-TO,p0-census-2026-08-26,HIGH,,,2026-08-26,from products.csv category_id foreign key
edge-00224,philips-af-hd9880-90,PRODUCT,FAMILY_MEMBER_OF,philips-af-7000,FAMILY,Functional,DIRECTED,HIGH,OBSERVED,,,,,RULE-IDENTITY-BELONGS-TO,p0-census-2026-08-26,HIGH,,,2026-08-26,
edge-00225,philips-af-hd9880-90,PRODUCT,BELONGS_TO,philips,BRAND,Functional,DIRECTED,HIGH,OBSERVED,,,,,RULE-IDENTITY-BELONGS-TO,p0-census-2026-08-26,HIGH,,,2026-08-26,
edge-00226,philips-ck-hd3095-87,PRODUCT,BELONGS_TO,philips-cooking,CATEGORY,Functional,DIRECTED,HIGH,OBSERVED,,,,,RULE-IDENTITY-BELONGS-TO,p0-census-2026-08-26,HIGH,,,2026-08-26,from products.csv category_id foreign key
edge-00227,philips-ck-hd3095-87,PRODUCT,FAMILY_MEMBER_OF,philips-ck-multicooker-avance,FAMILY,Functional,DIRECTED,HIGH,OBSERVED,,,,,RULE-IDENTITY-BELONGS-TO,p0-census-2026-08-26,HIGH,,,2026-08-26,
edge-00228,philips-ck-hd3095-87,PRODUCT,BELONGS_TO,philips,BRAND,Functional,DIRECTED,HIGH,OBSERVED,,,,,RULE-IDENTITY-BELONGS-TO,p0-census-2026-08-26,HIGH,,,2026-08-26,
edge-00229,philips-bl-hr2767-00,PRODUCT,BELONGS_TO,philips-blending,CATEGORY,Functional,DIRECTED,HIGH,OBSERVED,,,,,RULE-IDENTITY-BELONGS-TO,p0-census-2026-08-26,HIGH,,,2026-08-26,from products.csv category_id foreign key
edge-00230,philips-bl-hr2767-00,PRODUCT,FAMILY_MEMBER_OF,philips-bl-series-5000,FAMILY,Functional,DIRECTED,HIGH,OBSERVED,,,,,RULE-IDENTITY-BELONGS-TO,p0-census-2026-08-26,HIGH,,,2026-08-26,
edge-00231,philips-bl-hr2767-00,PRODUCT,BELONGS_TO,philips,BRAND,Functional,DIRECTED,HIGH,OBSERVED,,,,,RULE-IDENTITY-BELONGS-TO,p0-census-2026-08-26,HIGH,,,2026-08-26,
edge-00232,philips-jc-hr1855-70r1,PRODUCT,BELONGS_TO,philips-juicing,CATEGORY,Functional,DIRECTED,HIGH,OBSERVED,,,,,RULE-IDENTITY-BELONGS-TO,p0-census-2026-08-26,HIGH,,,2026-08-26,from products.csv category_id foreign key
edge-00233,philips-jc-hr1855-70r1,PRODUCT,FAMILY_MEMBER_OF,philips-jc-viva,FAMILY,Functional,DIRECTED,HIGH,OBSERVED,,,,,RULE-IDENTITY-BELONGS-TO,p0-census-2026-08-26,HIGH,,,2026-08-26,
edge-00234,philips-jc-hr1855-70r1,PRODUCT,BELONGS_TO,philips,BRAND,Functional,DIRECTED,HIGH,OBSERVED,,,,,RULE-IDENTITY-BELONGS-TO,p0-census-2026-08-26,HIGH,,,2026-08-26,
edge-00235,philips-jc-hr1897-34,PRODUCT,BELONGS_TO,philips-juicing,CATEGORY,Functional,DIRECTED,HIGH,OBSERVED,,,,,RULE-IDENTITY-BELONGS-TO,p0-census-2026-08-26,HIGH,,,2026-08-26,from products.csv category_id foreign key
edge-00236,philips-jc-hr1897-34,PRODUCT,FAMILY_MEMBER_OF,philips-jc-avance-masticating,FAMILY,Functional,DIRECTED,HIGH,OBSERVED,,,,,RULE-IDENTITY-BELONGS-TO,p0-census-2026-08-26,HIGH,,,2026-08-26,
edge-00237,philips-jc-hr1897-34,PRODUCT,BELONGS_TO,philips,BRAND,Functional,DIRECTED,HIGH,OBSERVED,,,,,RULE-IDENTITY-BELONGS-TO,p0-census-2026-08-26,HIGH,,,2026-08-26,
edge-00238,philips-bf-hd2383-22,PRODUCT,BELONGS_TO,philips-breakfast,CATEGORY,Functional,DIRECTED,HIGH,OBSERVED,,,,,RULE-IDENTITY-BELONGS-TO,p0-census-2026-08-26,HIGH,,,2026-08-26,from products.csv category_id foreign key
edge-00239,philips-bf-hd2383-22,PRODUCT,FAMILY_MEMBER_OF,philips-bf-sandwich-maker,FAMILY,Functional,DIRECTED,HIGH,OBSERVED,,,,,RULE-IDENTITY-BELONGS-TO,p0-census-2026-08-26,HIGH,,,2026-08-26,
edge-00240,philips-bf-hd2383-22,PRODUCT,BELONGS_TO,philips,BRAND,Functional,DIRECTED,HIGH,OBSERVED,,,,,RULE-IDENTITY-BELONGS-TO,p0-census-2026-08-26,HIGH,,,2026-08-26,
edge-00241,philips-bf-hd9365-10,PRODUCT,BELONGS_TO,philips-breakfast,CATEGORY,Functional,DIRECTED,HIGH,OBSERVED,,,,,RULE-IDENTITY-BELONGS-TO,p0-census-2026-08-26,HIGH,,,2026-08-26,from products.csv category_id foreign key
edge-00242,philips-bf-hd9365-10,PRODUCT,FAMILY_MEMBER_OF,philips-bf-kettle-eco5000,FAMILY,Functional,DIRECTED,HIGH,OBSERVED,,,,,RULE-IDENTITY-BELONGS-TO,p0-census-2026-08-26,HIGH,,,2026-08-26,
edge-00243,philips-bf-hd9365-10,PRODUCT,BELONGS_TO,philips,BRAND,Functional,DIRECTED,HIGH,OBSERVED,,,,,RULE-IDENTITY-BELONGS-TO,p0-census-2026-08-26,HIGH,,,2026-08-26,
edge-00244,philips-fc-xu7100-01,PRODUCT,BELONGS_TO,philips-floor-care,CATEGORY,Functional,DIRECTED,HIGH,OBSERVED,,,,,RULE-IDENTITY-BELONGS-TO,p0-census-2026-08-26,HIGH,,,2026-08-26,from products.csv category_id foreign key
edge-00245,philips-fc-xu7100-01,PRODUCT,FAMILY_MEMBER_OF,philips-fc-homerun,FAMILY,Functional,DIRECTED,HIGH,OBSERVED,,,,,RULE-IDENTITY-BELONGS-TO,p0-census-2026-08-26,HIGH,,,2026-08-26,
edge-00246,philips-fc-xu7100-01,PRODUCT,BELONGS_TO,philips,BRAND,Functional,DIRECTED,HIGH,OBSERVED,,,,,RULE-IDENTITY-BELONGS-TO,p0-census-2026-08-26,HIGH,,,2026-08-26,
edge-00247,philips-fc-xw9383-01,PRODUCT,BELONGS_TO,philips-floor-care,CATEGORY,Functional,DIRECTED,HIGH,OBSERVED,,,,,RULE-IDENTITY-BELONGS-TO,p0-census-2026-08-26,HIGH,,,2026-08-26,from products.csv category_id foreign key
edge-00248,philips-fc-xw9383-01,PRODUCT,FAMILY_MEMBER_OF,philips-fc-aquatrio,FAMILY,Functional,DIRECTED,HIGH,OBSERVED,,,,,RULE-IDENTITY-BELONGS-TO,p0-census-2026-08-26,HIGH,,,2026-08-26,
edge-00249,philips-fc-xw9383-01,PRODUCT,BELONGS_TO,philips,BRAND,Functional,DIRECTED,HIGH,OBSERVED,,,,,RULE-IDENTITY-BELONGS-TO,p0-census-2026-08-26,HIGH,,,2026-08-26,
edge-00250,philips-fc-fc6904-01,PRODUCT,BELONGS_TO,philips-floor-care,CATEGORY,Functional,DIRECTED,HIGH,OBSERVED,,,,,RULE-IDENTITY-BELONGS-TO,p0-census-2026-08-26,HIGH,,,2026-08-26,from products.csv category_id foreign key
edge-00251,philips-fc-fc6904-01,PRODUCT,FAMILY_MEMBER_OF,philips-fc-speedpro,FAMILY,Functional,DIRECTED,HIGH,OBSERVED,,,,,RULE-IDENTITY-BELONGS-TO,p0-census-2026-08-26,HIGH,,,2026-08-26,
edge-00252,philips-fc-fc6904-01,PRODUCT,BELONGS_TO,philips,BRAND,Functional,DIRECTED,HIGH,OBSERVED,,,,,RULE-IDENTITY-BELONGS-TO,p0-census-2026-08-26,HIGH,,,2026-08-26,
edge-00253,philips-fc-fc9729-09,PRODUCT,BELONGS_TO,philips-floor-care,CATEGORY,Functional,DIRECTED,HIGH,OBSERVED,,,,,RULE-IDENTITY-BELONGS-TO,p0-census-2026-08-26,HIGH,,,2026-08-26,from products.csv category_id foreign key
edge-00254,philips-fc-fc9729-09,PRODUCT,FAMILY_MEMBER_OF,philips-fc-powerpro,FAMILY,Functional,DIRECTED,HIGH,OBSERVED,,,,,RULE-IDENTITY-BELONGS-TO,p0-census-2026-08-26,HIGH,,,2026-08-26,
edge-00255,philips-fc-fc9729-09,PRODUCT,BELONGS_TO,philips,BRAND,Functional,DIRECTED,HIGH,OBSERVED,,,,,RULE-IDENTITY-BELONGS-TO,p0-census-2026-08-26,HIGH,,,2026-08-26,
edge-00256,philips-fc-fc8577-09,PRODUCT,BELONGS_TO,philips-floor-care,CATEGORY,Functional,DIRECTED,HIGH,OBSERVED,,,,,RULE-IDENTITY-BELONGS-TO,p0-census-2026-08-26,HIGH,,,2026-08-26,from products.csv category_id foreign key
edge-00257,philips-fc-fc8577-09,PRODUCT,FAMILY_MEMBER_OF,philips-fc-performer,FAMILY,Functional,DIRECTED,HIGH,OBSERVED,,,,,RULE-IDENTITY-BELONGS-TO,p0-census-2026-08-26,HIGH,,,2026-08-26,
edge-00258,philips-fc-fc8577-09,PRODUCT,BELONGS_TO,philips,BRAND,Functional,DIRECTED,HIGH,OBSERVED,,,,,RULE-IDENTITY-BELONGS-TO,p0-census-2026-08-26,HIGH,,,2026-08-26,
edge-00259,philips-gc-gc215-20,PRODUCT,BELONGS_TO,philips-garment-care,CATEGORY,Functional,DIRECTED,HIGH,OBSERVED,,,,,RULE-IDENTITY-BELONGS-TO,p0-census-2026-08-26,HIGH,,,2026-08-26,from products.csv category_id foreign key
edge-00260,philips-gc-gc215-20,PRODUCT,FAMILY_MEMBER_OF,philips-gc-oneturn,FAMILY,Functional,DIRECTED,HIGH,OBSERVED,,,,,RULE-IDENTITY-BELONGS-TO,p0-census-2026-08-26,HIGH,,,2026-08-26,
edge-00261,philips-gc-gc215-20,PRODUCT,BELONGS_TO,philips,BRAND,Functional,DIRECTED,HIGH,OBSERVED,,,,,RULE-IDENTITY-BELONGS-TO,p0-census-2026-08-26,HIGH,,,2026-08-26,
edge-00262,philips-gc-gc9650-80,PRODUCT,BELONGS_TO,philips-garment-care,CATEGORY,Functional,DIRECTED,HIGH,OBSERVED,,,,,RULE-IDENTITY-BELONGS-TO,p0-census-2026-08-26,HIGH,,,2026-08-26,from products.csv category_id foreign key
edge-00263,philips-gc-gc9650-80,PRODUCT,FAMILY_MEMBER_OF,philips-gc-perfectcare,FAMILY,Functional,DIRECTED,HIGH,OBSERVED,,,,,RULE-IDENTITY-BELONGS-TO,p0-census-2026-08-26,HIGH,,,2026-08-26,
edge-00264,philips-gc-gc9650-80,PRODUCT,BELONGS_TO,philips,BRAND,Functional,DIRECTED,HIGH,OBSERVED,,,,,RULE-IDENTITY-BELONGS-TO,p0-census-2026-08-26,HIGH,,,2026-08-26,
edge-00265,philips-gc-gc9682-86,PRODUCT,BELONGS_TO,philips-garment-care,CATEGORY,Functional,DIRECTED,HIGH,OBSERVED,,,,,RULE-IDENTITY-BELONGS-TO,p0-census-2026-08-26,HIGH,,,2026-08-26,from products.csv category_id foreign key
edge-00266,philips-gc-gc9682-86,PRODUCT,FAMILY_MEMBER_OF,philips-gc-perfectcare,FAMILY,Functional,DIRECTED,HIGH,OBSERVED,,,,,RULE-IDENTITY-BELONGS-TO,p0-census-2026-08-26,HIGH,,,2026-08-26,
edge-00267,philips-gc-gc9682-86,PRODUCT,BELONGS_TO,philips,BRAND,Functional,DIRECTED,HIGH,OBSERVED,,,,,RULE-IDENTITY-BELONGS-TO,p0-census-2026-08-26,HIGH,,,2026-08-26,
edge-00268,philips-gc-gc628-86,PRODUCT,BELONGS_TO,philips-garment-care,CATEGORY,Functional,DIRECTED,HIGH,OBSERVED,,,,,RULE-IDENTITY-BELONGS-TO,p0-census-2026-08-26,HIGH,,,2026-08-26,from products.csv category_id foreign key
edge-00269,philips-gc-gc628-86,PRODUCT,FAMILY_MEMBER_OF,philips-gc-all-in-one,FAMILY,Functional,DIRECTED,HIGH,OBSERVED,,,,,RULE-IDENTITY-BELONGS-TO,p0-census-2026-08-26,HIGH,,,2026-08-26,
edge-00270,philips-gc-gc628-86,PRODUCT,BELONGS_TO,philips,BRAND,Functional,DIRECTED,HIGH,OBSERVED,,,,,RULE-IDENTITY-BELONGS-TO,p0-census-2026-08-26,HIGH,,,2026-08-26,
edge-00271,philips-air-ac0650-20,PRODUCT,USES_DIGITAL_LAYER,Air+,DIGITAL,Functional,DIRECTED,HIGH,DERIVED,,,,,RULE-DIGITAL-LAYER,p0-census-2026-08-26,HIGH,,,2026-08-26,named app 'Air+' found in connectivity/ai_claim spec text
edge-00272,philips-air-ac0951-13,PRODUCT,USES_DIGITAL_LAYER,Air+,DIGITAL,Functional,DIRECTED,HIGH,DERIVED,,,,,RULE-DIGITAL-LAYER,p0-census-2026-08-26,HIGH,,,2026-08-26,named app 'Air+' found in connectivity/ai_claim spec text
edge-00273,philips-air-ac3220-10,PRODUCT,USES_DIGITAL_LAYER,Air+,DIGITAL,Functional,DIRECTED,HIGH,DERIVED,,,,,RULE-DIGITAL-LAYER,p0-census-2026-08-26,HIGH,,,2026-08-26,named app 'Air+' found in connectivity/ai_claim spec text
edge-00274,philips-garden-rsl3000-10,PRODUCT,USES_DIGITAL_LAYER,HomeRun,DIGITAL,Functional,DIRECTED,HIGH,DERIVED,,,,,RULE-DIGITAL-LAYER,p0-census-2026-08-26,HIGH,,,2026-08-26,named app 'HomeRun' found in connectivity/ai_claim spec text
edge-00275,walita-hum-hu1510-04,PRODUCT,USES_DIGITAL_LAYER,Air+,DIGITAL,Functional,DIRECTED,HIGH,DERIVED,,,,,RULE-DIGITAL-LAYER,p0-census-2026-08-26,HIGH,,,2026-08-26,named app 'Air+' found in connectivity/ai_claim spec text
edge-00276,philips-af-hd9880-90,PRODUCT,USES_DIGITAL_LAYER,HomeID,DIGITAL,Functional,DIRECTED,HIGH,DERIVED,,,,,RULE-DIGITAL-LAYER,p0-census-2026-08-26,HIGH,,,2026-08-26,named app 'HomeID' found in connectivity/ai_claim spec text
edge-00277,philips-garden-rsl3000-10,PRODUCT,USES_APP,HomeRun,DIGITAL,Functional,DIRECTED,HIGH,OBSERVED,,,,,,p0-census-2026-08-26,HIGH,,,2026-08-26,from digital_ecosystems.csv direct product link
edge-00278,philips-hs-hsp5300-01,PRODUCT,USES_APP,Philips Home Safety app,DIGITAL,Functional,DIRECTED,HIGH,OBSERVED,,,,,,p0-census-2026-08-26,HIGH,,,2026-08-26,from digital_ecosystems.csv direct product link
edge-00279,philips-pet-paw5320-02,PRODUCT,USES_APP,Philips Pet Series app,DIGITAL,Functional,DIRECTED,HIGH,OBSERVED,,,,,,p0-census-2026-08-26,HIGH,,,2026-08-26,from digital_ecosystems.csv direct product link
edge-00280,philips-air-climate,CATEGORY,HAS_CAPABILITY,FILTRATION,CAPABILITY,Functional,DIRECTED,HIGH,OBSERVED,,,,,,p0-census-2026-08-26,HIGH,,,2026-08-26,"AI_SUGGESTION (CANDIDATE) -- not evidence-derived, no real consumer text ingested yet. capability present across the accepted Air/Climate portfolio per specs_long.csv"
edge-00281,philips-air-climate,CATEGORY,HAS_CAPABILITY,PARTICLE_SENSING,CAPABILITY,Functional,DIRECTED,HIGH,OBSERVED,,,,,,p0-census-2026-08-26,HIGH,,,2026-08-26,"AI_SUGGESTION (CANDIDATE) -- not evidence-derived, no real consumer text ingested yet. capability present across the accepted Air/Climate portfolio per specs_long.csv"
edge-00282,philips-air-climate,CATEGORY,HAS_CAPABILITY,GAS_SENSING,CAPABILITY,Functional,DIRECTED,HIGH,OBSERVED,,,,,,p0-census-2026-08-26,HIGH,,,2026-08-26,"AI_SUGGESTION (CANDIDATE) -- not evidence-derived, no real consumer text ingested yet. capability present across the accepted Air/Climate portfolio per specs_long.csv"
edge-00283,philips-air-climate,CATEGORY,HAS_CAPABILITY,AIRFLOW,CAPABILITY,Functional,DIRECTED,HIGH,OBSERVED,,,,,,p0-census-2026-08-26,HIGH,,,2026-08-26,"AI_SUGGESTION (CANDIDATE) -- not evidence-derived, no real consumer text ingested yet. capability present across the accepted Air/Climate portfolio per specs_long.csv"
edge-00284,philips-air-climate,CATEGORY,HAS_CAPABILITY,AUTOMATION,CAPABILITY,Functional,DIRECTED,HIGH,OBSERVED,,,,,,p0-census-2026-08-26,HIGH,,,2026-08-26,"AI_SUGGESTION (CANDIDATE) -- not evidence-derived, no real consumer text ingested yet. capability present across the accepted Air/Climate portfolio per specs_long.csv"
edge-00285,philips-air-climate,CATEGORY,HAS_CAPABILITY,APP_CONTROL,CAPABILITY,Functional,DIRECTED,HIGH,OBSERVED,,,,,,p0-census-2026-08-26,HIGH,,,2026-08-26,"AI_SUGGESTION (CANDIDATE) -- not evidence-derived, no real consumer text ingested yet. capability present across the accepted Air/Climate portfolio per specs_long.csv"
edge-00286,philips-air-climate,CATEGORY,HAS_CAPABILITY,HUMIDIFICATION_CAP,CAPABILITY,Functional,DIRECTED,HIGH,OBSERVED,,,,,,p0-census-2026-08-26,HIGH,,,2026-08-26,"AI_SUGGESTION (CANDIDATE) -- not evidence-derived, no real consumer text ingested yet. capability present across the accepted Air/Climate portfolio per specs_long.csv"
edge-00287,philips-air-climate,CATEGORY,HAS_CAPABILITY,HEAT_CAP,CAPABILITY,Functional,DIRECTED,HIGH,OBSERVED,,,,,,p0-census-2026-08-26,HIGH,,,2026-08-26,"AI_SUGGESTION (CANDIDATE) -- not evidence-derived, no real consumer text ingested yet. capability present across the accepted Air/Climate portfolio per specs_long.csv"
edge-00288,philips-air-climate,CATEGORY,HAS_CAPABILITY,FAN_CAP,CAPABILITY,Functional,DIRECTED,HIGH,OBSERVED,,,,,,p0-census-2026-08-26,HIGH,,,2026-08-26,"AI_SUGGESTION (CANDIDATE) -- not evidence-derived, no real consumer text ingested yet. capability present across the accepted Air/Climate portfolio per specs_long.csv"
edge-00289,philips-air-climate,CATEGORY,SERVES_JOB,JOB_KEEP_AIR_CLEANER,USER_JOB,Behavioral,DIRECTED,LOW,INFERRED,,,,,,p0-census-2026-08-26,LOW,,,2026-08-26,"AI_SUGGESTION (CANDIDATE) -- not evidence-derived, no real consumer text ingested yet. "
edge-00290,philips-air-climate,CATEGORY,SERVES_JOB,JOB_RESPOND_TO_POLLUTION,USER_JOB,Behavioral,DIRECTED,LOW,INFERRED,,,,,,p0-census-2026-08-26,LOW,,,2026-08-26,"AI_SUGGESTION (CANDIDATE) -- not evidence-derived, no real consumer text ingested yet. "
edge-00291,philips-air-climate,CATEGORY,SERVES_JOB,JOB_REDUCE_MONITORING_EFFORT,USER_JOB,Behavioral,DIRECTED,LOW,INFERRED,,,,,,p0-census-2026-08-26,LOW,,,2026-08-26,"AI_SUGGESTION (CANDIDATE) -- not evidence-derived, no real consumer text ingested yet. "
edge-00292,philips-air-climate,CATEGORY,SERVES_JOB,JOB_MAINTAIN_BEDROOM_CONDITIONS,USER_JOB,Behavioral,DIRECTED,LOW,INFERRED,,,,,,p0-census-2026-08-26,LOW,,,2026-08-26,"AI_SUGGESTION (CANDIDATE) -- not evidence-derived, no real consumer text ingested yet. "
edge-00293,philips-air-climate,CATEGORY,SERVES_JOB,JOB_MANAGE_EVENT_AIR,USER_JOB,Behavioral,DIRECTED,LOW,INFERRED,,,,,,p0-census-2026-08-26,LOW,,,2026-08-26,"AI_SUGGESTION (CANDIDATE) -- not evidence-derived, no real consumer text ingested yet. "
edge-00294,philips-air-climate,CATEGORY,ADDRESSES_NEED,NEED_HEALTH_REASSURANCE,NEED,Behavioral,DIRECTED,LOW,INFERRED,,,,,,p0-census-2026-08-26,LOW,,,2026-08-26,"AI_SUGGESTION (CANDIDATE) -- not evidence-derived, no real consumer text ingested yet. "
edge-00295,philips-air-climate,CATEGORY,ADDRESSES_NEED,NEED_COMFORT,NEED,Behavioral,DIRECTED,LOW,INFERRED,,,,,,p0-census-2026-08-26,LOW,,,2026-08-26,"AI_SUGGESTION (CANDIDATE) -- not evidence-derived, no real consumer text ingested yet. "
edge-00296,philips-air-climate,CATEGORY,ADDRESSES_NEED,NEED_TRUST,NEED,Behavioral,DIRECTED,LOW,INFERRED,,,,,,p0-census-2026-08-26,LOW,,,2026-08-26,"AI_SUGGESTION (CANDIDATE) -- not evidence-derived, no real consumer text ingested yet. "
edge-00297,philips-air-climate,CATEGORY,ADDRESSES_NEED,NEED_LOW_EFFORT,NEED,Behavioral,DIRECTED,LOW,INFERRED,,,,,,p0-census-2026-08-26,LOW,,,2026-08-26,"AI_SUGGESTION (CANDIDATE) -- not evidence-derived, no real consumer text ingested yet. "
edge-00298,philips-air-climate,CATEGORY,ADDRESSES_NEED,NEED_RELIABILITY,NEED,Behavioral,DIRECTED,LOW,INFERRED,,,,,,p0-census-2026-08-26,LOW,,,2026-08-26,"AI_SUGGESTION (CANDIDATE) -- not evidence-derived, no real consumer text ingested yet. "
edge-00299,philips-air-climate,CATEGORY,ADDRESSES_NEED,NEED_CONTROL,NEED,Behavioral,DIRECTED,LOW,INFERRED,,,,,,p0-census-2026-08-26,LOW,,,2026-08-26,"AI_SUGGESTION (CANDIDATE) -- not evidence-derived, no real consumer text ingested yet. "
edge-00300,philips-air-climate,CATEGORY,ADDRESSES_NEED,NEED_LOW_MAINTENANCE,NEED,Behavioral,DIRECTED,LOW,INFERRED,,,,,,p0-census-2026-08-26,LOW,,,2026-08-26,"AI_SUGGESTION (CANDIDATE) -- not evidence-derived, no real consumer text ingested yet. "
edge-00301,philips-air-climate,CATEGORY,ADDRESSES_NEED,NEED_LOW_DISRUPTION,NEED,Behavioral,DIRECTED,LOW,INFERRED,,,,,,p0-census-2026-08-26,LOW,,,2026-08-26,"AI_SUGGESTION (CANDIDATE) -- not evidence-derived, no real consumer text ingested yet. "
edge-00302,philips-air-climate,CATEGORY,USED_IN_CONTEXT,CTX_BEDROOM,CONTEXT,Behavioral,DIRECTED,LOW,INFERRED,,,,,,p0-census-2026-08-26,LOW,,,2026-08-26,"AI_SUGGESTION (CANDIDATE) -- not evidence-derived, no real consumer text ingested yet. "
edge-00303,philips-air-climate,CATEGORY,USED_IN_CONTEXT,CTX_NIGHT,CONTEXT,Behavioral,DIRECTED,LOW,INFERRED,,,,,,p0-census-2026-08-26,LOW,,,2026-08-26,"AI_SUGGESTION (CANDIDATE) -- not evidence-derived, no real consumer text ingested yet. "
edge-00304,philips-air-climate,CATEGORY,USED_IN_CONTEXT,CTX_COOKING,CONTEXT,Behavioral,DIRECTED,LOW,INFERRED,,,,,,p0-census-2026-08-26,LOW,,,2026-08-26,"AI_SUGGESTION (CANDIDATE) -- not evidence-derived, no real consumer text ingested yet. "
edge-00305,philips-air-climate,CATEGORY,USED_IN_CONTEXT,CTX_URBAN_POLLUTION,CONTEXT,Behavioral,DIRECTED,LOW,INFERRED,,,,,,p0-census-2026-08-26,LOW,,,2026-08-26,"AI_SUGGESTION (CANDIDATE) -- not evidence-derived, no real consumer text ingested yet. "
edge-00306,philips-air-climate,CATEGORY,USED_IN_CONTEXT,CTX_POLLEN_SEASON,CONTEXT,Behavioral,DIRECTED,LOW,INFERRED,,,,,,p0-census-2026-08-26,LOW,,,2026-08-26,"AI_SUGGESTION (CANDIDATE) -- not evidence-derived, no real consumer text ingested yet. "
edge-00307,philips-air-climate,CATEGORY,USED_IN_CONTEXT,CTX_PET_HOUSEHOLD,CONTEXT,Behavioral,DIRECTED,LOW,INFERRED,,,,,,p0-census-2026-08-26,LOW,,,2026-08-26,"AI_SUGGESTION (CANDIDATE) -- not evidence-derived, no real consumer text ingested yet. "
edge-00308,philips-air-climate,CATEGORY,USED_IN_CONTEXT,CTX_CHILDREN,CONTEXT,Behavioral,DIRECTED,LOW,INFERRED,,,,,,p0-census-2026-08-26,LOW,,,2026-08-26,"AI_SUGGESTION (CANDIDATE) -- not evidence-derived, no real consumer text ingested yet. "
edge-00309,philips-air-climate,CATEGORY,USED_IN_CONTEXT,CTX_LARGE_ROOM,CONTEXT,Behavioral,DIRECTED,LOW,INFERRED,,,,,,p0-census-2026-08-26,LOW,,,2026-08-26,"AI_SUGGESTION (CANDIDATE) -- not evidence-derived, no real consumer text ingested yet. "
edge-00310,philips-air-climate,CATEGORY,USED_IN_CONTEXT,CTX_SMALL_ROOM,CONTEXT,Behavioral,DIRECTED,LOW,INFERRED,,,,,,p0-census-2026-08-26,LOW,,,2026-08-26,"AI_SUGGESTION (CANDIDATE) -- not evidence-derived, no real consumer text ingested yet. "
edge-00311,philips-air-climate,CATEGORY,USED_IN_CONTEXT,CTX_HIGH_OUTDOOR_PM,CONTEXT,Behavioral,DIRECTED,LOW,INFERRED,,,,,,p0-census-2026-08-26,LOW,,,2026-08-26,"AI_SUGGESTION (CANDIDATE) -- not evidence-derived, no real consumer text ingested yet. "
edge-00312,philips-air-climate,CATEGORY,USED_IN_CONTEXT,CTX_LOW_VENTILATION,CONTEXT,Behavioral,DIRECTED,LOW,INFERRED,,,,,,p0-census-2026-08-26,LOW,,,2026-08-26,"AI_SUGGESTION (CANDIDATE) -- not evidence-derived, no real consumer text ingested yet. "
edge-00313,philips-air-climate,CATEGORY,TRIGGERED_BY,TRIG_PM_SPIKE,TRIGGER,Behavioral,DIRECTED,LOW,INFERRED,,,,,,p0-census-2026-08-26,LOW,,,2026-08-26,"AI_SUGGESTION (CANDIDATE) -- not evidence-derived, no real consumer text ingested yet. "
edge-00314,philips-air-climate,CATEGORY,TRIGGERED_BY,TRIG_ODOR_GAS_EVENT,TRIGGER,Behavioral,DIRECTED,LOW,INFERRED,,,,,,p0-census-2026-08-26,LOW,,,2026-08-26,"AI_SUGGESTION (CANDIDATE) -- not evidence-derived, no real consumer text ingested yet. "
edge-00315,philips-air-climate,CATEGORY,TRIGGERED_BY,TRIG_COOKING,TRIGGER,Behavioral,DIRECTED,LOW,INFERRED,,,,,,p0-census-2026-08-26,LOW,,,2026-08-26,"AI_SUGGESTION (CANDIDATE) -- not evidence-derived, no real consumer text ingested yet. "
edge-00316,philips-air-climate,CATEGORY,TRIGGERED_BY,TRIG_BEDTIME,TRIGGER,Behavioral,DIRECTED,LOW,INFERRED,,,,,,p0-census-2026-08-26,LOW,,,2026-08-26,"AI_SUGGESTION (CANDIDATE) -- not evidence-derived, no real consumer text ingested yet. "
edge-00317,philips-air-climate,CATEGORY,TRIGGERED_BY,TRIG_POLLEN_ALERT,TRIGGER,Behavioral,DIRECTED,LOW,INFERRED,,,,,,p0-census-2026-08-26,LOW,,,2026-08-26,"AI_SUGGESTION (CANDIDATE) -- not evidence-derived, no real consumer text ingested yet. "
edge-00318,philips-air-climate,CATEGORY,TRIGGERED_BY,TRIG_VISITOR_ARRIVAL,TRIGGER,Behavioral,DIRECTED,LOW,INFERRED,,,,,,p0-census-2026-08-26,LOW,,,2026-08-26,"AI_SUGGESTION (CANDIDATE) -- not evidence-derived, no real consumer text ingested yet. "
edge-00319,philips-air-climate,CATEGORY,TRIGGERED_BY,TRIG_PET_ACTIVITY,TRIGGER,Behavioral,DIRECTED,LOW,INFERRED,,,,,,p0-census-2026-08-26,LOW,,,2026-08-26,"AI_SUGGESTION (CANDIDATE) -- not evidence-derived, no real consumer text ingested yet. "
edge-00320,philips-air-climate,CATEGORY,TRIGGERED_BY,TRIG_OUTDOOR_POLLUTION_EVENT,TRIGGER,Behavioral,DIRECTED,LOW,INFERRED,,,,,,p0-census-2026-08-26,LOW,,,2026-08-26,"AI_SUGGESTION (CANDIDATE) -- not evidence-derived, no real consumer text ingested yet. "
edge-00321,philips-air-climate,CATEGORY,ENABLES_BEHAVIOR,BEH_RUNS_CONTINUOUSLY,BEHAVIOR,Behavioral,DIRECTED,LOW,INFERRED,,,,,,p0-census-2026-08-26,LOW,,,2026-08-26,"AI_SUGGESTION (CANDIDATE) -- not evidence-derived, no real consumer text ingested yet. "
edge-00322,philips-air-climate,CATEGORY,ENABLES_BEHAVIOR,BEH_LOWERS_FAN_SPEED,BEHAVIOR,Behavioral,DIRECTED,LOW,INFERRED,,,,,,p0-census-2026-08-26,LOW,,,2026-08-26,"AI_SUGGESTION (CANDIDATE) -- not evidence-derived, no real consumer text ingested yet. "
edge-00323,philips-air-climate,CATEGORY,ENABLES_BEHAVIOR,BEH_USES_AUTO_MODE,BEHAVIOR,Behavioral,DIRECTED,LOW,INFERRED,,,,,,p0-census-2026-08-26,LOW,,,2026-08-26,"AI_SUGGESTION (CANDIDATE) -- not evidence-derived, no real consumer text ingested yet. "
edge-00324,philips-air-climate,CATEGORY,ENABLES_BEHAVIOR,BEH_SWITCHES_OFF_AT_NIGHT,BEHAVIOR,Behavioral,DIRECTED,LOW,INFERRED,,,,,,p0-census-2026-08-26,LOW,,,2026-08-26,"AI_SUGGESTION (CANDIDATE) -- not evidence-derived, no real consumer text ingested yet. "
edge-00325,philips-air-climate,CATEGORY,ENABLES_BEHAVIOR,BEH_MOVES_PRODUCT_BETWEEN_ROOMS,BEHAVIOR,Behavioral,DIRECTED,LOW,INFERRED,,,,,,p0-census-2026-08-26,LOW,,,2026-08-26,"AI_SUGGESTION (CANDIDATE) -- not evidence-derived, no real consumer text ingested yet. "
edge-00326,philips-air-climate,CATEGORY,ENABLES_BEHAVIOR,BEH_CHECKS_APP,BEHAVIOR,Behavioral,DIRECTED,LOW,INFERRED,,,,,,p0-census-2026-08-26,LOW,,,2026-08-26,"AI_SUGGESTION (CANDIDATE) -- not evidence-derived, no real consumer text ingested yet. "
edge-00327,philips-air-climate,CATEGORY,ENABLES_BEHAVIOR,BEH_IGNORES_FILTER_REMINDER,BEHAVIOR,Behavioral,DIRECTED,LOW,INFERRED,,,,,,p0-census-2026-08-26,LOW,,,2026-08-26,"AI_SUGGESTION (CANDIDATE) -- not evidence-derived, no real consumer text ingested yet. "
edge-00328,philips-air-climate,CATEGORY,ENABLES_BEHAVIOR,BEH_REPLACES_FILTER,BEHAVIOR,Behavioral,DIRECTED,LOW,INFERRED,,,,,,p0-census-2026-08-26,LOW,,,2026-08-26,"AI_SUGGESTION (CANDIDATE) -- not evidence-derived, no real consumer text ingested yet. "
edge-00329,philips-air-climate,CATEGORY,ENABLES_BEHAVIOR,BEH_OPENS_WINDOW_INSTEAD,BEHAVIOR,Behavioral,DIRECTED,LOW,INFERRED,,,,,,p0-census-2026-08-26,LOW,,,2026-08-26,"AI_SUGGESTION (CANDIDATE) -- not evidence-derived, no real consumer text ingested yet. "
edge-00330,philips-air-climate,CATEGORY,ENABLES_BEHAVIOR,BEH_USES_ANOTHER_CLIMATE_DEVICE,BEHAVIOR,Behavioral,DIRECTED,LOW,INFERRED,,,,,,p0-census-2026-08-26,LOW,,,2026-08-26,"AI_SUGGESTION (CANDIDATE) -- not evidence-derived, no real consumer text ingested yet. "
edge-00331,philips-air-climate,CATEGORY,CREATES_FRICTION,FRIC_NOISE,FRICTION,Behavioral,DIRECTED,LOW,INFERRED,,,,,,p0-census-2026-08-26,LOW,,,2026-08-26,"AI_SUGGESTION (CANDIDATE) -- not evidence-derived, no real consumer text ingested yet. "
edge-00332,philips-air-climate,CATEGORY,CREATES_FRICTION,FRIC_FILTER_COST,FRICTION,Behavioral,DIRECTED,LOW,INFERRED,,,,,,p0-census-2026-08-26,LOW,,,2026-08-26,"AI_SUGGESTION (CANDIDATE) -- not evidence-derived, no real consumer text ingested yet. "
edge-00333,philips-air-climate,CATEGORY,CREATES_FRICTION,FRIC_MAINTENANCE,FRICTION,Behavioral,DIRECTED,LOW,INFERRED,,,,,,p0-census-2026-08-26,LOW,,,2026-08-26,"AI_SUGGESTION (CANDIDATE) -- not evidence-derived, no real consumer text ingested yet. "
edge-00334,philips-air-climate,CATEGORY,CREATES_FRICTION,FRIC_ENERGY_CONCERN,FRICTION,Behavioral,DIRECTED,LOW,INFERRED,,,,,,p0-census-2026-08-26,LOW,,,2026-08-26,"AI_SUGGESTION (CANDIDATE) -- not evidence-derived, no real consumer text ingested yet. "
edge-00335,philips-air-climate,CATEGORY,CREATES_FRICTION,FRIC_SENSOR_DISTRUST,FRICTION,Behavioral,DIRECTED,LOW,INFERRED,,,,,,p0-census-2026-08-26,LOW,,,2026-08-26,"AI_SUGGESTION (CANDIDATE) -- not evidence-derived, no real consumer text ingested yet. "
edge-00336,philips-air-climate,CATEGORY,CREATES_FRICTION,FRIC_UNCLEAR_EFFECTIVENESS,FRICTION,Behavioral,DIRECTED,LOW,INFERRED,,,,,,p0-census-2026-08-26,LOW,,,2026-08-26,"AI_SUGGESTION (CANDIDATE) -- not evidence-derived, no real consumer text ingested yet. "
edge-00337,philips-air-climate,CATEGORY,CREATES_FRICTION,FRIC_VISUAL_INTRUSION,FRICTION,Behavioral,DIRECTED,LOW,INFERRED,,,,,,p0-census-2026-08-26,LOW,,,2026-08-26,"AI_SUGGESTION (CANDIDATE) -- not evidence-derived, no real consumer text ingested yet. "
edge-00338,philips-air-climate,CATEGORY,CREATES_FRICTION,FRIC_FOOTPRINT,FRICTION,Behavioral,DIRECTED,LOW,INFERRED,,,,,,p0-census-2026-08-26,LOW,,,2026-08-26,"AI_SUGGESTION (CANDIDATE) -- not evidence-derived, no real consumer text ingested yet. "
edge-00339,philips-air-climate,CATEGORY,CREATES_FRICTION,FRIC_CONFUSING_CONTROLS,FRICTION,Behavioral,DIRECTED,LOW,INFERRED,,,,,,p0-census-2026-08-26,LOW,,,2026-08-26,"AI_SUGGESTION (CANDIDATE) -- not evidence-derived, no real consumer text ingested yet. "
edge-00340,philips-air-climate,CATEGORY,CREATES_FRICTION,FRIC_APP_DEPENDENCY,FRICTION,Behavioral,DIRECTED,LOW,INFERRED,,,,,,p0-census-2026-08-26,LOW,,,2026-08-26,"AI_SUGGESTION (CANDIDATE) -- not evidence-derived, no real consumer text ingested yet. "
edge-00341,philips-air-climate,CATEGORY,ASSOCIATED_WITH_OUTCOME,OUT_LOWER_MEASURED_INDOOR_PARTICLE_CONCENTRATION,HEALTH_RELATED_OUTCOME,Behavioral,DIRECTED,LOW,INFERRED,,,,,,p0-census-2026-08-26,LOW,,,2026-08-26,"AI_SUGGESTION (CANDIDATE) -- not evidence-derived, no real consumer text ingested yet. health-related outcome: NOT linked to any specific study in this pass -- candidate only, do not treat as a health claim"
edge-00342,philips-air-climate,CATEGORY,ASSOCIATED_WITH_OUTCOME,OUT_LOWER_EXPOSURE_WHERE_SUPPORTED,HEALTH_RELATED_OUTCOME,Behavioral,DIRECTED,LOW,INFERRED,,,,,,p0-census-2026-08-26,LOW,,,2026-08-26,"AI_SUGGESTION (CANDIDATE) -- not evidence-derived, no real consumer text ingested yet. health-related outcome: NOT linked to any specific study in this pass -- candidate only, do not treat as a health claim"
edge-00343,philips-air-climate,CATEGORY,ASSOCIATED_WITH_OUTCOME,OUT_IMPROVED_PERCEIVED_AIR_QUALITY,OUTCOME,Behavioral,DIRECTED,LOW,INFERRED,,,,,,p0-census-2026-08-26,LOW,,,2026-08-26,"AI_SUGGESTION (CANDIDATE) -- not evidence-derived, no real consumer text ingested yet. "
edge-00344,philips-air-climate,CATEGORY,ASSOCIATED_WITH_OUTCOME,OUT_HIGHER_TRUST,OUTCOME,Behavioral,DIRECTED,LOW,INFERRED,,,,,,p0-census-2026-08-26,LOW,,,2026-08-26,"AI_SUGGESTION (CANDIDATE) -- not evidence-derived, no real consumer text ingested yet. "
edge-00345,philips-air-climate,CATEGORY,ASSOCIATED_WITH_OUTCOME,OUT_HIGHER_ADHERENCE,OUTCOME,Behavioral,DIRECTED,LOW,INFERRED,,,,,,p0-census-2026-08-26,LOW,,,2026-08-26,"AI_SUGGESTION (CANDIDATE) -- not evidence-derived, no real consumer text ingested yet. "
edge-00346,philips-air-climate,CATEGORY,ASSOCIATED_WITH_OUTCOME,OUT_REDUCED_MANAGEMENT_EFFORT,OUTCOME,Behavioral,DIRECTED,LOW,INFERRED,,,,,,p0-census-2026-08-26,LOW,,,2026-08-26,"AI_SUGGESTION (CANDIDATE) -- not evidence-derived, no real consumer text ingested yet. "
edge-00347,philips-air-climate,CATEGORY,ASSOCIATED_WITH_OUTCOME,OUT_LOWER_DISRUPTION,OUTCOME,Behavioral,DIRECTED,LOW,INFERRED,,,,,,p0-census-2026-08-26,LOW,,,2026-08-26,"AI_SUGGESTION (CANDIDATE) -- not evidence-derived, no real consumer text ingested yet. "
edge-00348,philips-coffee,CATEGORY,SERVES_JOB,COFFEE_JOB_0,USER_JOB,Behavioral,DIRECTED,LOW,INFERRED,,,,,,p1-5-behavior-extension-2026-08-27,LOW,,,2026-08-27,"AI_SUGGESTION (CANDIDATE) -- category-general reasoning, not evidence-derived. "
edge-00349,philips-coffee,CATEGORY,SERVES_JOB,COFFEE_JOB_1,USER_JOB,Behavioral,DIRECTED,LOW,INFERRED,,,,,,p1-5-behavior-extension-2026-08-27,LOW,,,2026-08-27,"AI_SUGGESTION (CANDIDATE) -- category-general reasoning, not evidence-derived. "
edge-00350,philips-coffee,CATEGORY,SERVES_JOB,COFFEE_JOB_2,USER_JOB,Behavioral,DIRECTED,LOW,INFERRED,,,,,,p1-5-behavior-extension-2026-08-27,LOW,,,2026-08-27,"AI_SUGGESTION (CANDIDATE) -- category-general reasoning, not evidence-derived. "
edge-00351,philips-coffee,CATEGORY,SERVES_JOB,COFFEE_JOB_3,USER_JOB,Behavioral,DIRECTED,LOW,INFERRED,,,,,,p1-5-behavior-extension-2026-08-27,LOW,,,2026-08-27,"AI_SUGGESTION (CANDIDATE) -- category-general reasoning, not evidence-derived. "
edge-00352,philips-coffee,CATEGORY,SERVES_JOB,COFFEE_JOB_4,USER_JOB,Behavioral,DIRECTED,LOW,INFERRED,,,,,,p1-5-behavior-extension-2026-08-27,LOW,,,2026-08-27,"AI_SUGGESTION (CANDIDATE) -- category-general reasoning, not evidence-derived. "
edge-00353,philips-coffee,CATEGORY,ADDRESSES_NEED,COFFEE_NEED_0,NEED,Behavioral,DIRECTED,LOW,INFERRED,,,,,,p1-5-behavior-extension-2026-08-27,LOW,,,2026-08-27,"AI_SUGGESTION (CANDIDATE) -- category-general reasoning, not evidence-derived. "
edge-00354,philips-coffee,CATEGORY,ADDRESSES_NEED,COFFEE_NEED_1,NEED,Behavioral,DIRECTED,LOW,INFERRED,,,,,,p1-5-behavior-extension-2026-08-27,LOW,,,2026-08-27,"AI_SUGGESTION (CANDIDATE) -- category-general reasoning, not evidence-derived. "
edge-00355,philips-coffee,CATEGORY,ADDRESSES_NEED,COFFEE_NEED_2,NEED,Behavioral,DIRECTED,LOW,INFERRED,,,,,,p1-5-behavior-extension-2026-08-27,LOW,,,2026-08-27,"AI_SUGGESTION (CANDIDATE) -- category-general reasoning, not evidence-derived. "
edge-00356,philips-coffee,CATEGORY,ADDRESSES_NEED,COFFEE_NEED_3,NEED,Behavioral,DIRECTED,LOW,INFERRED,,,,,,p1-5-behavior-extension-2026-08-27,LOW,,,2026-08-27,"AI_SUGGESTION (CANDIDATE) -- category-general reasoning, not evidence-derived. "
edge-00357,philips-coffee,CATEGORY,ADDRESSES_NEED,COFFEE_NEED_4,NEED,Behavioral,DIRECTED,LOW,INFERRED,,,,,,p1-5-behavior-extension-2026-08-27,LOW,,,2026-08-27,"AI_SUGGESTION (CANDIDATE) -- category-general reasoning, not evidence-derived. "
edge-00358,philips-coffee,CATEGORY,USED_IN_CONTEXT,COFFEE_CTX_0,CONTEXT,Behavioral,DIRECTED,LOW,INFERRED,,,,,,p1-5-behavior-extension-2026-08-27,LOW,,,2026-08-27,"AI_SUGGESTION (CANDIDATE) -- category-general reasoning, not evidence-derived. "
edge-00359,philips-coffee,CATEGORY,USED_IN_CONTEXT,COFFEE_CTX_1,CONTEXT,Behavioral,DIRECTED,LOW,INFERRED,,,,,,p1-5-behavior-extension-2026-08-27,LOW,,,2026-08-27,"AI_SUGGESTION (CANDIDATE) -- category-general reasoning, not evidence-derived. "
edge-00360,philips-coffee,CATEGORY,USED_IN_CONTEXT,COFFEE_CTX_2,CONTEXT,Behavioral,DIRECTED,LOW,INFERRED,,,,,,p1-5-behavior-extension-2026-08-27,LOW,,,2026-08-27,"AI_SUGGESTION (CANDIDATE) -- category-general reasoning, not evidence-derived. "
edge-00361,philips-coffee,CATEGORY,USED_IN_CONTEXT,COFFEE_CTX_3,CONTEXT,Behavioral,DIRECTED,LOW,INFERRED,,,,,,p1-5-behavior-extension-2026-08-27,LOW,,,2026-08-27,"AI_SUGGESTION (CANDIDATE) -- category-general reasoning, not evidence-derived. "
edge-00362,philips-coffee,CATEGORY,USED_IN_CONTEXT,COFFEE_CTX_4,CONTEXT,Behavioral,DIRECTED,LOW,INFERRED,,,,,,p1-5-behavior-extension-2026-08-27,LOW,,,2026-08-27,"AI_SUGGESTION (CANDIDATE) -- category-general reasoning, not evidence-derived. "
edge-00363,philips-coffee,CATEGORY,TRIGGERED_BY,COFFEE_TRIG_0,TRIGGER,Behavioral,DIRECTED,LOW,INFERRED,,,,,,p1-5-behavior-extension-2026-08-27,LOW,,,2026-08-27,"AI_SUGGESTION (CANDIDATE) -- category-general reasoning, not evidence-derived. "
edge-00364,philips-coffee,CATEGORY,TRIGGERED_BY,COFFEE_TRIG_1,TRIGGER,Behavioral,DIRECTED,LOW,INFERRED,,,,,,p1-5-behavior-extension-2026-08-27,LOW,,,2026-08-27,"AI_SUGGESTION (CANDIDATE) -- category-general reasoning, not evidence-derived. "
edge-00365,philips-coffee,CATEGORY,TRIGGERED_BY,COFFEE_TRIG_2,TRIGGER,Behavioral,DIRECTED,LOW,INFERRED,,,,,,p1-5-behavior-extension-2026-08-27,LOW,,,2026-08-27,"AI_SUGGESTION (CANDIDATE) -- category-general reasoning, not evidence-derived. "
edge-00366,philips-coffee,CATEGORY,TRIGGERED_BY,COFFEE_TRIG_3,TRIGGER,Behavioral,DIRECTED,LOW,INFERRED,,,,,,p1-5-behavior-extension-2026-08-27,LOW,,,2026-08-27,"AI_SUGGESTION (CANDIDATE) -- category-general reasoning, not evidence-derived. "
edge-00367,philips-coffee,CATEGORY,ENABLES_BEHAVIOR,COFFEE_BEH_0,BEHAVIOR,Behavioral,DIRECTED,LOW,INFERRED,,,,,,p1-5-behavior-extension-2026-08-27,LOW,,,2026-08-27,"AI_SUGGESTION (CANDIDATE) -- category-general reasoning, not evidence-derived. "
edge-00368,philips-coffee,CATEGORY,ENABLES_BEHAVIOR,COFFEE_BEH_1,BEHAVIOR,Behavioral,DIRECTED,LOW,INFERRED,,,,,,p1-5-behavior-extension-2026-08-27,LOW,,,2026-08-27,"AI_SUGGESTION (CANDIDATE) -- category-general reasoning, not evidence-derived. "
edge-00369,philips-coffee,CATEGORY,ENABLES_BEHAVIOR,COFFEE_BEH_2,BEHAVIOR,Behavioral,DIRECTED,LOW,INFERRED,,,,,,p1-5-behavior-extension-2026-08-27,LOW,,,2026-08-27,"AI_SUGGESTION (CANDIDATE) -- category-general reasoning, not evidence-derived. "
edge-00370,philips-coffee,CATEGORY,ENABLES_BEHAVIOR,COFFEE_BEH_3,BEHAVIOR,Behavioral,DIRECTED,LOW,INFERRED,,,,,,p1-5-behavior-extension-2026-08-27,LOW,,,2026-08-27,"AI_SUGGESTION (CANDIDATE) -- category-general reasoning, not evidence-derived. "
edge-00371,philips-coffee,CATEGORY,ENABLES_BEHAVIOR,COFFEE_BEH_4,BEHAVIOR,Behavioral,DIRECTED,LOW,INFERRED,,,,,,p1-5-behavior-extension-2026-08-27,LOW,,,2026-08-27,"AI_SUGGESTION (CANDIDATE) -- category-general reasoning, not evidence-derived. "
edge-00372,philips-coffee,CATEGORY,CREATES_FRICTION,COFFEE_FRIC_0,FRICTION,Behavioral,DIRECTED,LOW,INFERRED,,,,,,p1-5-behavior-extension-2026-08-27,LOW,,,2026-08-27,"AI_SUGGESTION (CANDIDATE) -- category-general reasoning, not evidence-derived. "
edge-00373,philips-coffee,CATEGORY,CREATES_FRICTION,COFFEE_FRIC_1,FRICTION,Behavioral,DIRECTED,LOW,INFERRED,,,,,,p1-5-behavior-extension-2026-08-27,LOW,,,2026-08-27,"AI_SUGGESTION (CANDIDATE) -- category-general reasoning, not evidence-derived. "
edge-00374,philips-coffee,CATEGORY,CREATES_FRICTION,COFFEE_FRIC_2,FRICTION,Behavioral,DIRECTED,LOW,INFERRED,,,,,,p1-5-behavior-extension-2026-08-27,LOW,,,2026-08-27,"AI_SUGGESTION (CANDIDATE) -- category-general reasoning, not evidence-derived. "
edge-00375,philips-coffee,CATEGORY,CREATES_FRICTION,COFFEE_FRIC_3,FRICTION,Behavioral,DIRECTED,LOW,INFERRED,,,,,,p1-5-behavior-extension-2026-08-27,LOW,,,2026-08-27,"AI_SUGGESTION (CANDIDATE) -- category-general reasoning, not evidence-derived. "
edge-00376,philips-coffee,CATEGORY,CREATES_FRICTION,COFFEE_FRIC_4,FRICTION,Behavioral,DIRECTED,LOW,INFERRED,,,,,,p1-5-behavior-extension-2026-08-27,LOW,,,2026-08-27,"AI_SUGGESTION (CANDIDATE) -- category-general reasoning, not evidence-derived. "
edge-00377,philips-coffee,CATEGORY,ASSOCIATED_WITH_OUTCOME,COFFEE_OUT_0,OUTCOME,Behavioral,DIRECTED,LOW,INFERRED,,,,,,p1-5-behavior-extension-2026-08-27,LOW,,,2026-08-27,"AI_SUGGESTION (CANDIDATE) -- category-general reasoning, not evidence-derived. "
edge-00378,philips-coffee,CATEGORY,ASSOCIATED_WITH_OUTCOME,COFFEE_OUT_1,OUTCOME,Behavioral,DIRECTED,LOW,INFERRED,,,,,,p1-5-behavior-extension-2026-08-27,LOW,,,2026-08-27,"AI_SUGGESTION (CANDIDATE) -- category-general reasoning, not evidence-derived. "
edge-00379,philips-coffee,CATEGORY,ASSOCIATED_WITH_OUTCOME,COFFEE_OUT_2,OUTCOME,Behavioral,DIRECTED,LOW,INFERRED,,,,,,p1-5-behavior-extension-2026-08-27,LOW,,,2026-08-27,"AI_SUGGESTION (CANDIDATE) -- category-general reasoning, not evidence-derived. "
edge-00380,philips-coffee,CATEGORY,ASSOCIATED_WITH_OUTCOME,COFFEE_OUT_3,OUTCOME,Behavioral,DIRECTED,LOW,INFERRED,,,,,,p1-5-behavior-extension-2026-08-27,LOW,,,2026-08-27,"AI_SUGGESTION (CANDIDATE) -- category-general reasoning, not evidence-derived. "
edge-00381,saeco-coffee,CATEGORY,SERVES_JOB,COFFEE_JOB_0,USER_JOB,Behavioral,DIRECTED,LOW,INFERRED,,,,,,p1-5-behavior-extension-2026-08-27,LOW,,,2026-08-27,"AI_SUGGESTION (CANDIDATE) -- category-general reasoning, not evidence-derived. "
edge-00382,saeco-coffee,CATEGORY,SERVES_JOB,COFFEE_JOB_1,USER_JOB,Behavioral,DIRECTED,LOW,INFERRED,,,,,,p1-5-behavior-extension-2026-08-27,LOW,,,2026-08-27,"AI_SUGGESTION (CANDIDATE) -- category-general reasoning, not evidence-derived. "
edge-00383,saeco-coffee,CATEGORY,SERVES_JOB,COFFEE_JOB_2,USER_JOB,Behavioral,DIRECTED,LOW,INFERRED,,,,,,p1-5-behavior-extension-2026-08-27,LOW,,,2026-08-27,"AI_SUGGESTION (CANDIDATE) -- category-general reasoning, not evidence-derived. "
edge-00384,saeco-coffee,CATEGORY,SERVES_JOB,COFFEE_JOB_3,USER_JOB,Behavioral,DIRECTED,LOW,INFERRED,,,,,,p1-5-behavior-extension-2026-08-27,LOW,,,2026-08-27,"AI_SUGGESTION (CANDIDATE) -- category-general reasoning, not evidence-derived. "
edge-00385,saeco-coffee,CATEGORY,SERVES_JOB,COFFEE_JOB_4,USER_JOB,Behavioral,DIRECTED,LOW,INFERRED,,,,,,p1-5-behavior-extension-2026-08-27,LOW,,,2026-08-27,"AI_SUGGESTION (CANDIDATE) -- category-general reasoning, not evidence-derived. "
edge-00386,saeco-coffee,CATEGORY,ADDRESSES_NEED,COFFEE_NEED_0,NEED,Behavioral,DIRECTED,LOW,INFERRED,,,,,,p1-5-behavior-extension-2026-08-27,LOW,,,2026-08-27,"AI_SUGGESTION (CANDIDATE) -- category-general reasoning, not evidence-derived. "
edge-00387,saeco-coffee,CATEGORY,ADDRESSES_NEED,COFFEE_NEED_1,NEED,Behavioral,DIRECTED,LOW,INFERRED,,,,,,p1-5-behavior-extension-2026-08-27,LOW,,,2026-08-27,"AI_SUGGESTION (CANDIDATE) -- category-general reasoning, not evidence-derived. "
edge-00388,saeco-coffee,CATEGORY,ADDRESSES_NEED,COFFEE_NEED_2,NEED,Behavioral,DIRECTED,LOW,INFERRED,,,,,,p1-5-behavior-extension-2026-08-27,LOW,,,2026-08-27,"AI_SUGGESTION (CANDIDATE) -- category-general reasoning, not evidence-derived. "
edge-00389,saeco-coffee,CATEGORY,ADDRESSES_NEED,COFFEE_NEED_3,NEED,Behavioral,DIRECTED,LOW,INFERRED,,,,,,p1-5-behavior-extension-2026-08-27,LOW,,,2026-08-27,"AI_SUGGESTION (CANDIDATE) -- category-general reasoning, not evidence-derived. "
edge-00390,saeco-coffee,CATEGORY,ADDRESSES_NEED,COFFEE_NEED_4,NEED,Behavioral,DIRECTED,LOW,INFERRED,,,,,,p1-5-behavior-extension-2026-08-27,LOW,,,2026-08-27,"AI_SUGGESTION (CANDIDATE) -- category-general reasoning, not evidence-derived. "
edge-00391,saeco-coffee,CATEGORY,USED_IN_CONTEXT,COFFEE_CTX_0,CONTEXT,Behavioral,DIRECTED,LOW,INFERRED,,,,,,p1-5-behavior-extension-2026-08-27,LOW,,,2026-08-27,"AI_SUGGESTION (CANDIDATE) -- category-general reasoning, not evidence-derived. "
edge-00392,saeco-coffee,CATEGORY,USED_IN_CONTEXT,COFFEE_CTX_1,CONTEXT,Behavioral,DIRECTED,LOW,INFERRED,,,,,,p1-5-behavior-extension-2026-08-27,LOW,,,2026-08-27,"AI_SUGGESTION (CANDIDATE) -- category-general reasoning, not evidence-derived. "
edge-00393,saeco-coffee,CATEGORY,USED_IN_CONTEXT,COFFEE_CTX_2,CONTEXT,Behavioral,DIRECTED,LOW,INFERRED,,,,,,p1-5-behavior-extension-2026-08-27,LOW,,,2026-08-27,"AI_SUGGESTION (CANDIDATE) -- category-general reasoning, not evidence-derived. "
edge-00394,saeco-coffee,CATEGORY,USED_IN_CONTEXT,COFFEE_CTX_3,CONTEXT,Behavioral,DIRECTED,LOW,INFERRED,,,,,,p1-5-behavior-extension-2026-08-27,LOW,,,2026-08-27,"AI_SUGGESTION (CANDIDATE) -- category-general reasoning, not evidence-derived. "
edge-00395,saeco-coffee,CATEGORY,USED_IN_CONTEXT,COFFEE_CTX_4,CONTEXT,Behavioral,DIRECTED,LOW,INFERRED,,,,,,p1-5-behavior-extension-2026-08-27,LOW,,,2026-08-27,"AI_SUGGESTION (CANDIDATE) -- category-general reasoning, not evidence-derived. "
edge-00396,saeco-coffee,CATEGORY,TRIGGERED_BY,COFFEE_TRIG_0,TRIGGER,Behavioral,DIRECTED,LOW,INFERRED,,,,,,p1-5-behavior-extension-2026-08-27,LOW,,,2026-08-27,"AI_SUGGESTION (CANDIDATE) -- category-general reasoning, not evidence-derived. "
edge-00397,saeco-coffee,CATEGORY,TRIGGERED_BY,COFFEE_TRIG_1,TRIGGER,Behavioral,DIRECTED,LOW,INFERRED,,,,,,p1-5-behavior-extension-2026-08-27,LOW,,,2026-08-27,"AI_SUGGESTION (CANDIDATE) -- category-general reasoning, not evidence-derived. "
edge-00398,saeco-coffee,CATEGORY,TRIGGERED_BY,COFFEE_TRIG_2,TRIGGER,Behavioral,DIRECTED,LOW,INFERRED,,,,,,p1-5-behavior-extension-2026-08-27,LOW,,,2026-08-27,"AI_SUGGESTION (CANDIDATE) -- category-general reasoning, not evidence-derived. "
edge-00399,saeco-coffee,CATEGORY,TRIGGERED_BY,COFFEE_TRIG_3,TRIGGER,Behavioral,DIRECTED,LOW,INFERRED,,,,,,p1-5-behavior-extension-2026-08-27,LOW,,,2026-08-27,"AI_SUGGESTION (CANDIDATE) -- category-general reasoning, not evidence-derived. "
edge-00400,saeco-coffee,CATEGORY,ENABLES_BEHAVIOR,COFFEE_BEH_0,BEHAVIOR,Behavioral,DIRECTED,LOW,INFERRED,,,,,,p1-5-behavior-extension-2026-08-27,LOW,,,2026-08-27,"AI_SUGGESTION (CANDIDATE) -- category-general reasoning, not evidence-derived. "
edge-00401,saeco-coffee,CATEGORY,ENABLES_BEHAVIOR,COFFEE_BEH_1,BEHAVIOR,Behavioral,DIRECTED,LOW,INFERRED,,,,,,p1-5-behavior-extension-2026-08-27,LOW,,,2026-08-27,"AI_SUGGESTION (CANDIDATE) -- category-general reasoning, not evidence-derived. "
edge-00402,saeco-coffee,CATEGORY,ENABLES_BEHAVIOR,COFFEE_BEH_2,BEHAVIOR,Behavioral,DIRECTED,LOW,INFERRED,,,,,,p1-5-behavior-extension-2026-08-27,LOW,,,2026-08-27,"AI_SUGGESTION (CANDIDATE) -- category-general reasoning, not evidence-derived. "
edge-00403,saeco-coffee,CATEGORY,ENABLES_BEHAVIOR,COFFEE_BEH_3,BEHAVIOR,Behavioral,DIRECTED,LOW,INFERRED,,,,,,p1-5-behavior-extension-2026-08-27,LOW,,,2026-08-27,"AI_SUGGESTION (CANDIDATE) -- category-general reasoning, not evidence-derived. "
edge-00404,saeco-coffee,CATEGORY,ENABLES_BEHAVIOR,COFFEE_BEH_4,BEHAVIOR,Behavioral,DIRECTED,LOW,INFERRED,,,,,,p1-5-behavior-extension-2026-08-27,LOW,,,2026-08-27,"AI_SUGGESTION (CANDIDATE) -- category-general reasoning, not evidence-derived. "
edge-00405,saeco-coffee,CATEGORY,CREATES_FRICTION,COFFEE_FRIC_0,FRICTION,Behavioral,DIRECTED,LOW,INFERRED,,,,,,p1-5-behavior-extension-2026-08-27,LOW,,,2026-08-27,"AI_SUGGESTION (CANDIDATE) -- category-general reasoning, not evidence-derived. "
edge-00406,saeco-coffee,CATEGORY,CREATES_FRICTION,COFFEE_FRIC_1,FRICTION,Behavioral,DIRECTED,LOW,INFERRED,,,,,,p1-5-behavior-extension-2026-08-27,LOW,,,2026-08-27,"AI_SUGGESTION (CANDIDATE) -- category-general reasoning, not evidence-derived. "
edge-00407,saeco-coffee,CATEGORY,CREATES_FRICTION,COFFEE_FRIC_2,FRICTION,Behavioral,DIRECTED,LOW,INFERRED,,,,,,p1-5-behavior-extension-2026-08-27,LOW,,,2026-08-27,"AI_SUGGESTION (CANDIDATE) -- category-general reasoning, not evidence-derived. "
edge-00408,saeco-coffee,CATEGORY,CREATES_FRICTION,COFFEE_FRIC_3,FRICTION,Behavioral,DIRECTED,LOW,INFERRED,,,,,,p1-5-behavior-extension-2026-08-27,LOW,,,2026-08-27,"AI_SUGGESTION (CANDIDATE) -- category-general reasoning, not evidence-derived. "
edge-00409,saeco-coffee,CATEGORY,CREATES_FRICTION,COFFEE_FRIC_4,FRICTION,Behavioral,DIRECTED,LOW,INFERRED,,,,,,p1-5-behavior-extension-2026-08-27,LOW,,,2026-08-27,"AI_SUGGESTION (CANDIDATE) -- category-general reasoning, not evidence-derived. "
edge-00410,saeco-coffee,CATEGORY,ASSOCIATED_WITH_OUTCOME,COFFEE_OUT_0,OUTCOME,Behavioral,DIRECTED,LOW,INFERRED,,,,,,p1-5-behavior-extension-2026-08-27,LOW,,,2026-08-27,"AI_SUGGESTION (CANDIDATE) -- category-general reasoning, not evidence-derived. "
edge-00411,saeco-coffee,CATEGORY,ASSOCIATED_WITH_OUTCOME,COFFEE_OUT_1,OUTCOME,Behavioral,DIRECTED,LOW,INFERRED,,,,,,p1-5-behavior-extension-2026-08-27,LOW,,,2026-08-27,"AI_SUGGESTION (CANDIDATE) -- category-general reasoning, not evidence-derived. "
edge-00412,saeco-coffee,CATEGORY,ASSOCIATED_WITH_OUTCOME,COFFEE_OUT_2,OUTCOME,Behavioral,DIRECTED,LOW,INFERRED,,,,,,p1-5-behavior-extension-2026-08-27,LOW,,,2026-08-27,"AI_SUGGESTION (CANDIDATE) -- category-general reasoning, not evidence-derived. "
edge-00413,saeco-coffee,CATEGORY,ASSOCIATED_WITH_OUTCOME,COFFEE_OUT_3,OUTCOME,Behavioral,DIRECTED,LOW,INFERRED,,,,,,p1-5-behavior-extension-2026-08-27,LOW,,,2026-08-27,"AI_SUGGESTION (CANDIDATE) -- category-general reasoning, not evidence-derived. "
edge-00414,gaggia-coffee,CATEGORY,SERVES_JOB,COFFEE_JOB_0,USER_JOB,Behavioral,DIRECTED,LOW,INFERRED,,,,,,p1-5-behavior-extension-2026-08-27,LOW,,,2026-08-27,"AI_SUGGESTION (CANDIDATE) -- category-general reasoning, not evidence-derived. "
edge-00415,gaggia-coffee,CATEGORY,SERVES_JOB,COFFEE_JOB_1,USER_JOB,Behavioral,DIRECTED,LOW,INFERRED,,,,,,p1-5-behavior-extension-2026-08-27,LOW,,,2026-08-27,"AI_SUGGESTION (CANDIDATE) -- category-general reasoning, not evidence-derived. "
edge-00416,gaggia-coffee,CATEGORY,SERVES_JOB,COFFEE_JOB_2,USER_JOB,Behavioral,DIRECTED,LOW,INFERRED,,,,,,p1-5-behavior-extension-2026-08-27,LOW,,,2026-08-27,"AI_SUGGESTION (CANDIDATE) -- category-general reasoning, not evidence-derived. "
edge-00417,gaggia-coffee,CATEGORY,SERVES_JOB,COFFEE_JOB_3,USER_JOB,Behavioral,DIRECTED,LOW,INFERRED,,,,,,p1-5-behavior-extension-2026-08-27,LOW,,,2026-08-27,"AI_SUGGESTION (CANDIDATE) -- category-general reasoning, not evidence-derived. "
edge-00418,gaggia-coffee,CATEGORY,SERVES_JOB,COFFEE_JOB_4,USER_JOB,Behavioral,DIRECTED,LOW,INFERRED,,,,,,p1-5-behavior-extension-2026-08-27,LOW,,,2026-08-27,"AI_SUGGESTION (CANDIDATE) -- category-general reasoning, not evidence-derived. "
edge-00419,gaggia-coffee,CATEGORY,ADDRESSES_NEED,COFFEE_NEED_0,NEED,Behavioral,DIRECTED,LOW,INFERRED,,,,,,p1-5-behavior-extension-2026-08-27,LOW,,,2026-08-27,"AI_SUGGESTION (CANDIDATE) -- category-general reasoning, not evidence-derived. "
edge-00420,gaggia-coffee,CATEGORY,ADDRESSES_NEED,COFFEE_NEED_1,NEED,Behavioral,DIRECTED,LOW,INFERRED,,,,,,p1-5-behavior-extension-2026-08-27,LOW,,,2026-08-27,"AI_SUGGESTION (CANDIDATE) -- category-general reasoning, not evidence-derived. "
edge-00421,gaggia-coffee,CATEGORY,ADDRESSES_NEED,COFFEE_NEED_2,NEED,Behavioral,DIRECTED,LOW,INFERRED,,,,,,p1-5-behavior-extension-2026-08-27,LOW,,,2026-08-27,"AI_SUGGESTION (CANDIDATE) -- category-general reasoning, not evidence-derived. "
edge-00422,gaggia-coffee,CATEGORY,ADDRESSES_NEED,COFFEE_NEED_3,NEED,Behavioral,DIRECTED,LOW,INFERRED,,,,,,p1-5-behavior-extension-2026-08-27,LOW,,,2026-08-27,"AI_SUGGESTION (CANDIDATE) -- category-general reasoning, not evidence-derived. "
edge-00423,gaggia-coffee,CATEGORY,ADDRESSES_NEED,COFFEE_NEED_4,NEED,Behavioral,DIRECTED,LOW,INFERRED,,,,,,p1-5-behavior-extension-2026-08-27,LOW,,,2026-08-27,"AI_SUGGESTION (CANDIDATE) -- category-general reasoning, not evidence-derived. "
edge-00424,gaggia-coffee,CATEGORY,USED_IN_CONTEXT,COFFEE_CTX_0,CONTEXT,Behavioral,DIRECTED,LOW,INFERRED,,,,,,p1-5-behavior-extension-2026-08-27,LOW,,,2026-08-27,"AI_SUGGESTION (CANDIDATE) -- category-general reasoning, not evidence-derived. "
edge-00425,gaggia-coffee,CATEGORY,USED_IN_CONTEXT,COFFEE_CTX_1,CONTEXT,Behavioral,DIRECTED,LOW,INFERRED,,,,,,p1-5-behavior-extension-2026-08-27,LOW,,,2026-08-27,"AI_SUGGESTION (CANDIDATE) -- category-general reasoning, not evidence-derived. "
edge-00426,gaggia-coffee,CATEGORY,USED_IN_CONTEXT,COFFEE_CTX_2,CONTEXT,Behavioral,DIRECTED,LOW,INFERRED,,,,,,p1-5-behavior-extension-2026-08-27,LOW,,,2026-08-27,"AI_SUGGESTION (CANDIDATE) -- category-general reasoning, not evidence-derived. "
edge-00427,gaggia-coffee,CATEGORY,USED_IN_CONTEXT,COFFEE_CTX_3,CONTEXT,Behavioral,DIRECTED,LOW,INFERRED,,,,,,p1-5-behavior-extension-2026-08-27,LOW,,,2026-08-27,"AI_SUGGESTION (CANDIDATE) -- category-general reasoning, not evidence-derived. "
edge-00428,gaggia-coffee,CATEGORY,USED_IN_CONTEXT,COFFEE_CTX_4,CONTEXT,Behavioral,DIRECTED,LOW,INFERRED,,,,,,p1-5-behavior-extension-2026-08-27,LOW,,,2026-08-27,"AI_SUGGESTION (CANDIDATE) -- category-general reasoning, not evidence-derived. "
edge-00429,gaggia-coffee,CATEGORY,TRIGGERED_BY,COFFEE_TRIG_0,TRIGGER,Behavioral,DIRECTED,LOW,INFERRED,,,,,,p1-5-behavior-extension-2026-08-27,LOW,,,2026-08-27,"AI_SUGGESTION (CANDIDATE) -- category-general reasoning, not evidence-derived. "
edge-00430,gaggia-coffee,CATEGORY,TRIGGERED_BY,COFFEE_TRIG_1,TRIGGER,Behavioral,DIRECTED,LOW,INFERRED,,,,,,p1-5-behavior-extension-2026-08-27,LOW,,,2026-08-27,"AI_SUGGESTION (CANDIDATE) -- category-general reasoning, not evidence-derived. "
edge-00431,gaggia-coffee,CATEGORY,TRIGGERED_BY,COFFEE_TRIG_2,TRIGGER,Behavioral,DIRECTED,LOW,INFERRED,,,,,,p1-5-behavior-extension-2026-08-27,LOW,,,2026-08-27,"AI_SUGGESTION (CANDIDATE) -- category-general reasoning, not evidence-derived. "
edge-00432,gaggia-coffee,CATEGORY,TRIGGERED_BY,COFFEE_TRIG_3,TRIGGER,Behavioral,DIRECTED,LOW,INFERRED,,,,,,p1-5-behavior-extension-2026-08-27,LOW,,,2026-08-27,"AI_SUGGESTION (CANDIDATE) -- category-general reasoning, not evidence-derived. "
edge-00433,gaggia-coffee,CATEGORY,ENABLES_BEHAVIOR,COFFEE_BEH_0,BEHAVIOR,Behavioral,DIRECTED,LOW,INFERRED,,,,,,p1-5-behavior-extension-2026-08-27,LOW,,,2026-08-27,"AI_SUGGESTION (CANDIDATE) -- category-general reasoning, not evidence-derived. "
edge-00434,gaggia-coffee,CATEGORY,ENABLES_BEHAVIOR,COFFEE_BEH_1,BEHAVIOR,Behavioral,DIRECTED,LOW,INFERRED,,,,,,p1-5-behavior-extension-2026-08-27,LOW,,,2026-08-27,"AI_SUGGESTION (CANDIDATE) -- category-general reasoning, not evidence-derived. "
edge-00435,gaggia-coffee,CATEGORY,ENABLES_BEHAVIOR,COFFEE_BEH_2,BEHAVIOR,Behavioral,DIRECTED,LOW,INFERRED,,,,,,p1-5-behavior-extension-2026-08-27,LOW,,,2026-08-27,"AI_SUGGESTION (CANDIDATE) -- category-general reasoning, not evidence-derived. "
edge-00436,gaggia-coffee,CATEGORY,ENABLES_BEHAVIOR,COFFEE_BEH_3,BEHAVIOR,Behavioral,DIRECTED,LOW,INFERRED,,,,,,p1-5-behavior-extension-2026-08-27,LOW,,,2026-08-27,"AI_SUGGESTION (CANDIDATE) -- category-general reasoning, not evidence-derived. "
edge-00437,gaggia-coffee,CATEGORY,ENABLES_BEHAVIOR,COFFEE_BEH_4,BEHAVIOR,Behavioral,DIRECTED,LOW,INFERRED,,,,,,p1-5-behavior-extension-2026-08-27,LOW,,,2026-08-27,"AI_SUGGESTION (CANDIDATE) -- category-general reasoning, not evidence-derived. "
edge-00438,gaggia-coffee,CATEGORY,CREATES_FRICTION,COFFEE_FRIC_0,FRICTION,Behavioral,DIRECTED,LOW,INFERRED,,,,,,p1-5-behavior-extension-2026-08-27,LOW,,,2026-08-27,"AI_SUGGESTION (CANDIDATE) -- category-general reasoning, not evidence-derived. "
edge-00439,gaggia-coffee,CATEGORY,CREATES_FRICTION,COFFEE_FRIC_1,FRICTION,Behavioral,DIRECTED,LOW,INFERRED,,,,,,p1-5-behavior-extension-2026-08-27,LOW,,,2026-08-27,"AI_SUGGESTION (CANDIDATE) -- category-general reasoning, not evidence-derived. "
edge-00440,gaggia-coffee,CATEGORY,CREATES_FRICTION,COFFEE_FRIC_2,FRICTION,Behavioral,DIRECTED,LOW,INFERRED,,,,,,p1-5-behavior-extension-2026-08-27,LOW,,,2026-08-27,"AI_SUGGESTION (CANDIDATE) -- category-general reasoning, not evidence-derived. "
edge-00441,gaggia-coffee,CATEGORY,CREATES_FRICTION,COFFEE_FRIC_3,FRICTION,Behavioral,DIRECTED,LOW,INFERRED,,,,,,p1-5-behavior-extension-2026-08-27,LOW,,,2026-08-27,"AI_SUGGESTION (CANDIDATE) -- category-general reasoning, not evidence-derived. "
edge-00442,gaggia-coffee,CATEGORY,CREATES_FRICTION,COFFEE_FRIC_4,FRICTION,Behavioral,DIRECTED,LOW,INFERRED,,,,,,p1-5-behavior-extension-2026-08-27,LOW,,,2026-08-27,"AI_SUGGESTION (CANDIDATE) -- category-general reasoning, not evidence-derived. "
edge-00443,gaggia-coffee,CATEGORY,ASSOCIATED_WITH_OUTCOME,COFFEE_OUT_0,OUTCOME,Behavioral,DIRECTED,LOW,INFERRED,,,,,,p1-5-behavior-extension-2026-08-27,LOW,,,2026-08-27,"AI_SUGGESTION (CANDIDATE) -- category-general reasoning, not evidence-derived. "
edge-00444,gaggia-coffee,CATEGORY,ASSOCIATED_WITH_OUTCOME,COFFEE_OUT_1,OUTCOME,Behavioral,DIRECTED,LOW,INFERRED,,,,,,p1-5-behavior-extension-2026-08-27,LOW,,,2026-08-27,"AI_SUGGESTION (CANDIDATE) -- category-general reasoning, not evidence-derived. "
edge-00445,gaggia-coffee,CATEGORY,ASSOCIATED_WITH_OUTCOME,COFFEE_OUT_2,OUTCOME,Behavioral,DIRECTED,LOW,INFERRED,,,,,,p1-5-behavior-extension-2026-08-27,LOW,,,2026-08-27,"AI_SUGGESTION (CANDIDATE) -- category-general reasoning, not evidence-derived. "
edge-00446,gaggia-coffee,CATEGORY,ASSOCIATED_WITH_OUTCOME,COFFEE_OUT_3,OUTCOME,Behavioral,DIRECTED,LOW,INFERRED,,,,,,p1-5-behavior-extension-2026-08-27,LOW,,,2026-08-27,"AI_SUGGESTION (CANDIDATE) -- category-general reasoning, not evidence-derived. "
edge-00447,senseo-coffee,CATEGORY,SERVES_JOB,COFFEE_JOB_0,USER_JOB,Behavioral,DIRECTED,LOW,INFERRED,,,,,,p1-5-behavior-extension-2026-08-27,LOW,,,2026-08-27,"AI_SUGGESTION (CANDIDATE) -- category-general reasoning, not evidence-derived. "
edge-00448,senseo-coffee,CATEGORY,SERVES_JOB,COFFEE_JOB_1,USER_JOB,Behavioral,DIRECTED,LOW,INFERRED,,,,,,p1-5-behavior-extension-2026-08-27,LOW,,,2026-08-27,"AI_SUGGESTION (CANDIDATE) -- category-general reasoning, not evidence-derived. "
edge-00449,senseo-coffee,CATEGORY,SERVES_JOB,COFFEE_JOB_2,USER_JOB,Behavioral,DIRECTED,LOW,INFERRED,,,,,,p1-5-behavior-extension-2026-08-27,LOW,,,2026-08-27,"AI_SUGGESTION (CANDIDATE) -- category-general reasoning, not evidence-derived. "
edge-00450,senseo-coffee,CATEGORY,SERVES_JOB,COFFEE_JOB_3,USER_JOB,Behavioral,DIRECTED,LOW,INFERRED,,,,,,p1-5-behavior-extension-2026-08-27,LOW,,,2026-08-27,"AI_SUGGESTION (CANDIDATE) -- category-general reasoning, not evidence-derived. "
edge-00451,senseo-coffee,CATEGORY,SERVES_JOB,COFFEE_JOB_4,USER_JOB,Behavioral,DIRECTED,LOW,INFERRED,,,,,,p1-5-behavior-extension-2026-08-27,LOW,,,2026-08-27,"AI_SUGGESTION (CANDIDATE) -- category-general reasoning, not evidence-derived. "
edge-00452,senseo-coffee,CATEGORY,ADDRESSES_NEED,COFFEE_NEED_0,NEED,Behavioral,DIRECTED,LOW,INFERRED,,,,,,p1-5-behavior-extension-2026-08-27,LOW,,,2026-08-27,"AI_SUGGESTION (CANDIDATE) -- category-general reasoning, not evidence-derived. "
edge-00453,senseo-coffee,CATEGORY,ADDRESSES_NEED,COFFEE_NEED_1,NEED,Behavioral,DIRECTED,LOW,INFERRED,,,,,,p1-5-behavior-extension-2026-08-27,LOW,,,2026-08-27,"AI_SUGGESTION (CANDIDATE) -- category-general reasoning, not evidence-derived. "
edge-00454,senseo-coffee,CATEGORY,ADDRESSES_NEED,COFFEE_NEED_2,NEED,Behavioral,DIRECTED,LOW,INFERRED,,,,,,p1-5-behavior-extension-2026-08-27,LOW,,,2026-08-27,"AI_SUGGESTION (CANDIDATE) -- category-general reasoning, not evidence-derived. "
edge-00455,senseo-coffee,CATEGORY,ADDRESSES_NEED,COFFEE_NEED_3,NEED,Behavioral,DIRECTED,LOW,INFERRED,,,,,,p1-5-behavior-extension-2026-08-27,LOW,,,2026-08-27,"AI_SUGGESTION (CANDIDATE) -- category-general reasoning, not evidence-derived. "
edge-00456,senseo-coffee,CATEGORY,ADDRESSES_NEED,COFFEE_NEED_4,NEED,Behavioral,DIRECTED,LOW,INFERRED,,,,,,p1-5-behavior-extension-2026-08-27,LOW,,,2026-08-27,"AI_SUGGESTION (CANDIDATE) -- category-general reasoning, not evidence-derived. "
edge-00457,senseo-coffee,CATEGORY,USED_IN_CONTEXT,COFFEE_CTX_0,CONTEXT,Behavioral,DIRECTED,LOW,INFERRED,,,,,,p1-5-behavior-extension-2026-08-27,LOW,,,2026-08-27,"AI_SUGGESTION (CANDIDATE) -- category-general reasoning, not evidence-derived. "
edge-00458,senseo-coffee,CATEGORY,USED_IN_CONTEXT,COFFEE_CTX_1,CONTEXT,Behavioral,DIRECTED,LOW,INFERRED,,,,,,p1-5-behavior-extension-2026-08-27,LOW,,,2026-08-27,"AI_SUGGESTION (CANDIDATE) -- category-general reasoning, not evidence-derived. "
edge-00459,senseo-coffee,CATEGORY,USED_IN_CONTEXT,COFFEE_CTX_2,CONTEXT,Behavioral,DIRECTED,LOW,INFERRED,,,,,,p1-5-behavior-extension-2026-08-27,LOW,,,2026-08-27,"AI_SUGGESTION (CANDIDATE) -- category-general reasoning, not evidence-derived. "
edge-00460,senseo-coffee,CATEGORY,USED_IN_CONTEXT,COFFEE_CTX_3,CONTEXT,Behavioral,DIRECTED,LOW,INFERRED,,,,,,p1-5-behavior-extension-2026-08-27,LOW,,,2026-08-27,"AI_SUGGESTION (CANDIDATE) -- category-general reasoning, not evidence-derived. "
edge-00461,senseo-coffee,CATEGORY,USED_IN_CONTEXT,COFFEE_CTX_4,CONTEXT,Behavioral,DIRECTED,LOW,INFERRED,,,,,,p1-5-behavior-extension-2026-08-27,LOW,,,2026-08-27,"AI_SUGGESTION (CANDIDATE) -- category-general reasoning, not evidence-derived. "
edge-00462,senseo-coffee,CATEGORY,TRIGGERED_BY,COFFEE_TRIG_0,TRIGGER,Behavioral,DIRECTED,LOW,INFERRED,,,,,,p1-5-behavior-extension-2026-08-27,LOW,,,2026-08-27,"AI_SUGGESTION (CANDIDATE) -- category-general reasoning, not evidence-derived. "
edge-00463,senseo-coffee,CATEGORY,TRIGGERED_BY,COFFEE_TRIG_1,TRIGGER,Behavioral,DIRECTED,LOW,INFERRED,,,,,,p1-5-behavior-extension-2026-08-27,LOW,,,2026-08-27,"AI_SUGGESTION (CANDIDATE) -- category-general reasoning, not evidence-derived. "
edge-00464,senseo-coffee,CATEGORY,TRIGGERED_BY,COFFEE_TRIG_2,TRIGGER,Behavioral,DIRECTED,LOW,INFERRED,,,,,,p1-5-behavior-extension-2026-08-27,LOW,,,2026-08-27,"AI_SUGGESTION (CANDIDATE) -- category-general reasoning, not evidence-derived. "
edge-00465,senseo-coffee,CATEGORY,TRIGGERED_BY,COFFEE_TRIG_3,TRIGGER,Behavioral,DIRECTED,LOW,INFERRED,,,,,,p1-5-behavior-extension-2026-08-27,LOW,,,2026-08-27,"AI_SUGGESTION (CANDIDATE) -- category-general reasoning, not evidence-derived. "
edge-00466,senseo-coffee,CATEGORY,ENABLES_BEHAVIOR,COFFEE_BEH_0,BEHAVIOR,Behavioral,DIRECTED,LOW,INFERRED,,,,,,p1-5-behavior-extension-2026-08-27,LOW,,,2026-08-27,"AI_SUGGESTION (CANDIDATE) -- category-general reasoning, not evidence-derived. "
edge-00467,senseo-coffee,CATEGORY,ENABLES_BEHAVIOR,COFFEE_BEH_1,BEHAVIOR,Behavioral,DIRECTED,LOW,INFERRED,,,,,,p1-5-behavior-extension-2026-08-27,LOW,,,2026-08-27,"AI_SUGGESTION (CANDIDATE) -- category-general reasoning, not evidence-derived. "
edge-00468,senseo-coffee,CATEGORY,ENABLES_BEHAVIOR,COFFEE_BEH_2,BEHAVIOR,Behavioral,DIRECTED,LOW,INFERRED,,,,,,p1-5-behavior-extension-2026-08-27,LOW,,,2026-08-27,"AI_SUGGESTION (CANDIDATE) -- category-general reasoning, not evidence-derived. "
edge-00469,senseo-coffee,CATEGORY,ENABLES_BEHAVIOR,COFFEE_BEH_3,BEHAVIOR,Behavioral,DIRECTED,LOW,INFERRED,,,,,,p1-5-behavior-extension-2026-08-27,LOW,,,2026-08-27,"AI_SUGGESTION (CANDIDATE) -- category-general reasoning, not evidence-derived. "
edge-00470,senseo-coffee,CATEGORY,ENABLES_BEHAVIOR,COFFEE_BEH_4,BEHAVIOR,Behavioral,DIRECTED,LOW,INFERRED,,,,,,p1-5-behavior-extension-2026-08-27,LOW,,,2026-08-27,"AI_SUGGESTION (CANDIDATE) -- category-general reasoning, not evidence-derived. "
edge-00471,senseo-coffee,CATEGORY,CREATES_FRICTION,COFFEE_FRIC_0,FRICTION,Behavioral,DIRECTED,LOW,INFERRED,,,,,,p1-5-behavior-extension-2026-08-27,LOW,,,2026-08-27,"AI_SUGGESTION (CANDIDATE) -- category-general reasoning, not evidence-derived. "
edge-00472,senseo-coffee,CATEGORY,CREATES_FRICTION,COFFEE_FRIC_1,FRICTION,Behavioral,DIRECTED,LOW,INFERRED,,,,,,p1-5-behavior-extension-2026-08-27,LOW,,,2026-08-27,"AI_SUGGESTION (CANDIDATE) -- category-general reasoning, not evidence-derived. "
edge-00473,senseo-coffee,CATEGORY,CREATES_FRICTION,COFFEE_FRIC_2,FRICTION,Behavioral,DIRECTED,LOW,INFERRED,,,,,,p1-5-behavior-extension-2026-08-27,LOW,,,2026-08-27,"AI_SUGGESTION (CANDIDATE) -- category-general reasoning, not evidence-derived. "
edge-00474,senseo-coffee,CATEGORY,CREATES_FRICTION,COFFEE_FRIC_3,FRICTION,Behavioral,DIRECTED,LOW,INFERRED,,,,,,p1-5-behavior-extension-2026-08-27,LOW,,,2026-08-27,"AI_SUGGESTION (CANDIDATE) -- category-general reasoning, not evidence-derived. "
edge-00475,senseo-coffee,CATEGORY,CREATES_FRICTION,COFFEE_FRIC_4,FRICTION,Behavioral,DIRECTED,LOW,INFERRED,,,,,,p1-5-behavior-extension-2026-08-27,LOW,,,2026-08-27,"AI_SUGGESTION (CANDIDATE) -- category-general reasoning, not evidence-derived. "
edge-00476,senseo-coffee,CATEGORY,ASSOCIATED_WITH_OUTCOME,COFFEE_OUT_0,OUTCOME,Behavioral,DIRECTED,LOW,INFERRED,,,,,,p1-5-behavior-extension-2026-08-27,LOW,,,2026-08-27,"AI_SUGGESTION (CANDIDATE) -- category-general reasoning, not evidence-derived. "
edge-00477,senseo-coffee,CATEGORY,ASSOCIATED_WITH_OUTCOME,COFFEE_OUT_1,OUTCOME,Behavioral,DIRECTED,LOW,INFERRED,,,,,,p1-5-behavior-extension-2026-08-27,LOW,,,2026-08-27,"AI_SUGGESTION (CANDIDATE) -- category-general reasoning, not evidence-derived. "
edge-00478,senseo-coffee,CATEGORY,ASSOCIATED_WITH_OUTCOME,COFFEE_OUT_2,OUTCOME,Behavioral,DIRECTED,LOW,INFERRED,,,,,,p1-5-behavior-extension-2026-08-27,LOW,,,2026-08-27,"AI_SUGGESTION (CANDIDATE) -- category-general reasoning, not evidence-derived. "
edge-00479,senseo-coffee,CATEGORY,ASSOCIATED_WITH_OUTCOME,COFFEE_OUT_3,OUTCOME,Behavioral,DIRECTED,LOW,INFERRED,,,,,,p1-5-behavior-extension-2026-08-27,LOW,,,2026-08-27,"AI_SUGGESTION (CANDIDATE) -- category-general reasoning, not evidence-derived. "
edge-00480,lor-barista-coffee,CATEGORY,SERVES_JOB,COFFEE_JOB_0,USER_JOB,Behavioral,DIRECTED,LOW,INFERRED,,,,,,p1-5-behavior-extension-2026-08-27,LOW,,,2026-08-27,"AI_SUGGESTION (CANDIDATE) -- category-general reasoning, not evidence-derived. "
edge-00481,lor-barista-coffee,CATEGORY,SERVES_JOB,COFFEE_JOB_1,USER_JOB,Behavioral,DIRECTED,LOW,INFERRED,,,,,,p1-5-behavior-extension-2026-08-27,LOW,,,2026-08-27,"AI_SUGGESTION (CANDIDATE) -- category-general reasoning, not evidence-derived. "
edge-00482,lor-barista-coffee,CATEGORY,SERVES_JOB,COFFEE_JOB_2,USER_JOB,Behavioral,DIRECTED,LOW,INFERRED,,,,,,p1-5-behavior-extension-2026-08-27,LOW,,,2026-08-27,"AI_SUGGESTION (CANDIDATE) -- category-general reasoning, not evidence-derived. "
edge-00483,lor-barista-coffee,CATEGORY,SERVES_JOB,COFFEE_JOB_3,USER_JOB,Behavioral,DIRECTED,LOW,INFERRED,,,,,,p1-5-behavior-extension-2026-08-27,LOW,,,2026-08-27,"AI_SUGGESTION (CANDIDATE) -- category-general reasoning, not evidence-derived. "
edge-00484,lor-barista-coffee,CATEGORY,SERVES_JOB,COFFEE_JOB_4,USER_JOB,Behavioral,DIRECTED,LOW,INFERRED,,,,,,p1-5-behavior-extension-2026-08-27,LOW,,,2026-08-27,"AI_SUGGESTION (CANDIDATE) -- category-general reasoning, not evidence-derived. "
edge-00485,lor-barista-coffee,CATEGORY,ADDRESSES_NEED,COFFEE_NEED_0,NEED,Behavioral,DIRECTED,LOW,INFERRED,,,,,,p1-5-behavior-extension-2026-08-27,LOW,,,2026-08-27,"AI_SUGGESTION (CANDIDATE) -- category-general reasoning, not evidence-derived. "
edge-00486,lor-barista-coffee,CATEGORY,ADDRESSES_NEED,COFFEE_NEED_1,NEED,Behavioral,DIRECTED,LOW,INFERRED,,,,,,p1-5-behavior-extension-2026-08-27,LOW,,,2026-08-27,"AI_SUGGESTION (CANDIDATE) -- category-general reasoning, not evidence-derived. "
edge-00487,lor-barista-coffee,CATEGORY,ADDRESSES_NEED,COFFEE_NEED_2,NEED,Behavioral,DIRECTED,LOW,INFERRED,,,,,,p1-5-behavior-extension-2026-08-27,LOW,,,2026-08-27,"AI_SUGGESTION (CANDIDATE) -- category-general reasoning, not evidence-derived. "
edge-00488,lor-barista-coffee,CATEGORY,ADDRESSES_NEED,COFFEE_NEED_3,NEED,Behavioral,DIRECTED,LOW,INFERRED,,,,,,p1-5-behavior-extension-2026-08-27,LOW,,,2026-08-27,"AI_SUGGESTION (CANDIDATE) -- category-general reasoning, not evidence-derived. "
edge-00489,lor-barista-coffee,CATEGORY,ADDRESSES_NEED,COFFEE_NEED_4,NEED,Behavioral,DIRECTED,LOW,INFERRED,,,,,,p1-5-behavior-extension-2026-08-27,LOW,,,2026-08-27,"AI_SUGGESTION (CANDIDATE) -- category-general reasoning, not evidence-derived. "
edge-00490,lor-barista-coffee,CATEGORY,USED_IN_CONTEXT,COFFEE_CTX_0,CONTEXT,Behavioral,DIRECTED,LOW,INFERRED,,,,,,p1-5-behavior-extension-2026-08-27,LOW,,,2026-08-27,"AI_SUGGESTION (CANDIDATE) -- category-general reasoning, not evidence-derived. "
edge-00491,lor-barista-coffee,CATEGORY,USED_IN_CONTEXT,COFFEE_CTX_1,CONTEXT,Behavioral,DIRECTED,LOW,INFERRED,,,,,,p1-5-behavior-extension-2026-08-27,LOW,,,2026-08-27,"AI_SUGGESTION (CANDIDATE) -- category-general reasoning, not evidence-derived. "
edge-00492,lor-barista-coffee,CATEGORY,USED_IN_CONTEXT,COFFEE_CTX_2,CONTEXT,Behavioral,DIRECTED,LOW,INFERRED,,,,,,p1-5-behavior-extension-2026-08-27,LOW,,,2026-08-27,"AI_SUGGESTION (CANDIDATE) -- category-general reasoning, not evidence-derived. "
edge-00493,lor-barista-coffee,CATEGORY,USED_IN_CONTEXT,COFFEE_CTX_3,CONTEXT,Behavioral,DIRECTED,LOW,INFERRED,,,,,,p1-5-behavior-extension-2026-08-27,LOW,,,2026-08-27,"AI_SUGGESTION (CANDIDATE) -- category-general reasoning, not evidence-derived. "
edge-00494,lor-barista-coffee,CATEGORY,USED_IN_CONTEXT,COFFEE_CTX_4,CONTEXT,Behavioral,DIRECTED,LOW,INFERRED,,,,,,p1-5-behavior-extension-2026-08-27,LOW,,,2026-08-27,"AI_SUGGESTION (CANDIDATE) -- category-general reasoning, not evidence-derived. "
edge-00495,lor-barista-coffee,CATEGORY,TRIGGERED_BY,COFFEE_TRIG_0,TRIGGER,Behavioral,DIRECTED,LOW,INFERRED,,,,,,p1-5-behavior-extension-2026-08-27,LOW,,,2026-08-27,"AI_SUGGESTION (CANDIDATE) -- category-general reasoning, not evidence-derived. "
edge-00496,lor-barista-coffee,CATEGORY,TRIGGERED_BY,COFFEE_TRIG_1,TRIGGER,Behavioral,DIRECTED,LOW,INFERRED,,,,,,p1-5-behavior-extension-2026-08-27,LOW,,,2026-08-27,"AI_SUGGESTION (CANDIDATE) -- category-general reasoning, not evidence-derived. "
edge-00497,lor-barista-coffee,CATEGORY,TRIGGERED_BY,COFFEE_TRIG_2,TRIGGER,Behavioral,DIRECTED,LOW,INFERRED,,,,,,p1-5-behavior-extension-2026-08-27,LOW,,,2026-08-27,"AI_SUGGESTION (CANDIDATE) -- category-general reasoning, not evidence-derived. "
edge-00498,lor-barista-coffee,CATEGORY,TRIGGERED_BY,COFFEE_TRIG_3,TRIGGER,Behavioral,DIRECTED,LOW,INFERRED,,,,,,p1-5-behavior-extension-2026-08-27,LOW,,,2026-08-27,"AI_SUGGESTION (CANDIDATE) -- category-general reasoning, not evidence-derived. "
edge-00499,lor-barista-coffee,CATEGORY,ENABLES_BEHAVIOR,COFFEE_BEH_0,BEHAVIOR,Behavioral,DIRECTED,LOW,INFERRED,,,,,,p1-5-behavior-extension-2026-08-27,LOW,,,2026-08-27,"AI_SUGGESTION (CANDIDATE) -- category-general reasoning, not evidence-derived. "
edge-00500,lor-barista-coffee,CATEGORY,ENABLES_BEHAVIOR,COFFEE_BEH_1,BEHAVIOR,Behavioral,DIRECTED,LOW,INFERRED,,,,,,p1-5-behavior-extension-2026-08-27,LOW,,,2026-08-27,"AI_SUGGESTION (CANDIDATE) -- category-general reasoning, not evidence-derived. "
edge-00501,lor-barista-coffee,CATEGORY,ENABLES_BEHAVIOR,COFFEE_BEH_2,BEHAVIOR,Behavioral,DIRECTED,LOW,INFERRED,,,,,,p1-5-behavior-extension-2026-08-27,LOW,,,2026-08-27,"AI_SUGGESTION (CANDIDATE) -- category-general reasoning, not evidence-derived. "
edge-00502,lor-barista-coffee,CATEGORY,ENABLES_BEHAVIOR,COFFEE_BEH_3,BEHAVIOR,Behavioral,DIRECTED,LOW,INFERRED,,,,,,p1-5-behavior-extension-2026-08-27,LOW,,,2026-08-27,"AI_SUGGESTION (CANDIDATE) -- category-general reasoning, not evidence-derived. "
edge-00503,lor-barista-coffee,CATEGORY,ENABLES_BEHAVIOR,COFFEE_BEH_4,BEHAVIOR,Behavioral,DIRECTED,LOW,INFERRED,,,,,,p1-5-behavior-extension-2026-08-27,LOW,,,2026-08-27,"AI_SUGGESTION (CANDIDATE) -- category-general reasoning, not evidence-derived. "
edge-00504,lor-barista-coffee,CATEGORY,CREATES_FRICTION,COFFEE_FRIC_0,FRICTION,Behavioral,DIRECTED,LOW,INFERRED,,,,,,p1-5-behavior-extension-2026-08-27,LOW,,,2026-08-27,"AI_SUGGESTION (CANDIDATE) -- category-general reasoning, not evidence-derived. "
edge-00505,lor-barista-coffee,CATEGORY,CREATES_FRICTION,COFFEE_FRIC_1,FRICTION,Behavioral,DIRECTED,LOW,INFERRED,,,,,,p1-5-behavior-extension-2026-08-27,LOW,,,2026-08-27,"AI_SUGGESTION (CANDIDATE) -- category-general reasoning, not evidence-derived. "
edge-00506,lor-barista-coffee,CATEGORY,CREATES_FRICTION,COFFEE_FRIC_2,FRICTION,Behavioral,DIRECTED,LOW,INFERRED,,,,,,p1-5-behavior-extension-2026-08-27,LOW,,,2026-08-27,"AI_SUGGESTION (CANDIDATE) -- category-general reasoning, not evidence-derived. "
edge-00507,lor-barista-coffee,CATEGORY,CREATES_FRICTION,COFFEE_FRIC_3,FRICTION,Behavioral,DIRECTED,LOW,INFERRED,,,,,,p1-5-behavior-extension-2026-08-27,LOW,,,2026-08-27,"AI_SUGGESTION (CANDIDATE) -- category-general reasoning, not evidence-derived. "
edge-00508,lor-barista-coffee,CATEGORY,CREATES_FRICTION,COFFEE_FRIC_4,FRICTION,Behavioral,DIRECTED,LOW,INFERRED,,,,,,p1-5-behavior-extension-2026-08-27,LOW,,,2026-08-27,"AI_SUGGESTION (CANDIDATE) -- category-general reasoning, not evidence-derived. "
edge-00509,lor-barista-coffee,CATEGORY,ASSOCIATED_WITH_OUTCOME,COFFEE_OUT_0,OUTCOME,Behavioral,DIRECTED,LOW,INFERRED,,,,,,p1-5-behavior-extension-2026-08-27,LOW,,,2026-08-27,"AI_SUGGESTION (CANDIDATE) -- category-general reasoning, not evidence-derived. "
edge-00510,lor-barista-coffee,CATEGORY,ASSOCIATED_WITH_OUTCOME,COFFEE_OUT_1,OUTCOME,Behavioral,DIRECTED,LOW,INFERRED,,,,,,p1-5-behavior-extension-2026-08-27,LOW,,,2026-08-27,"AI_SUGGESTION (CANDIDATE) -- category-general reasoning, not evidence-derived. "
edge-00511,lor-barista-coffee,CATEGORY,ASSOCIATED_WITH_OUTCOME,COFFEE_OUT_2,OUTCOME,Behavioral,DIRECTED,LOW,INFERRED,,,,,,p1-5-behavior-extension-2026-08-27,LOW,,,2026-08-27,"AI_SUGGESTION (CANDIDATE) -- category-general reasoning, not evidence-derived. "
edge-00512,lor-barista-coffee,CATEGORY,ASSOCIATED_WITH_OUTCOME,COFFEE_OUT_3,OUTCOME,Behavioral,DIRECTED,LOW,INFERRED,,,,,,p1-5-behavior-extension-2026-08-27,LOW,,,2026-08-27,"AI_SUGGESTION (CANDIDATE) -- category-general reasoning, not evidence-derived. "
edge-00513,philips-airfryer,CATEGORY,SERVES_JOB,FOOD_JOB_0,USER_JOB,Behavioral,DIRECTED,LOW,INFERRED,,,,,,p1-5-behavior-extension-2026-08-27,LOW,,,2026-08-27,"AI_SUGGESTION (CANDIDATE) -- category-general reasoning, not evidence-derived. "
edge-00514,philips-airfryer,CATEGORY,SERVES_JOB,FOOD_JOB_1,USER_JOB,Behavioral,DIRECTED,LOW,INFERRED,,,,,,p1-5-behavior-extension-2026-08-27,LOW,,,2026-08-27,"AI_SUGGESTION (CANDIDATE) -- category-general reasoning, not evidence-derived. "
edge-00515,philips-airfryer,CATEGORY,SERVES_JOB,FOOD_JOB_2,USER_JOB,Behavioral,DIRECTED,LOW,INFERRED,,,,,,p1-5-behavior-extension-2026-08-27,LOW,,,2026-08-27,"AI_SUGGESTION (CANDIDATE) -- category-general reasoning, not evidence-derived. "
edge-00516,philips-airfryer,CATEGORY,SERVES_JOB,FOOD_JOB_3,USER_JOB,Behavioral,DIRECTED,LOW,INFERRED,,,,,,p1-5-behavior-extension-2026-08-27,LOW,,,2026-08-27,"AI_SUGGESTION (CANDIDATE) -- category-general reasoning, not evidence-derived. "
edge-00517,philips-airfryer,CATEGORY,SERVES_JOB,FOOD_JOB_4,USER_JOB,Behavioral,DIRECTED,LOW,INFERRED,,,,,,p1-5-behavior-extension-2026-08-27,LOW,,,2026-08-27,"AI_SUGGESTION (CANDIDATE) -- category-general reasoning, not evidence-derived. "
edge-00518,philips-airfryer,CATEGORY,ADDRESSES_NEED,FOOD_NEED_0,NEED,Behavioral,DIRECTED,LOW,INFERRED,,,,,,p1-5-behavior-extension-2026-08-27,LOW,,,2026-08-27,"AI_SUGGESTION (CANDIDATE) -- category-general reasoning, not evidence-derived. "
edge-00519,philips-airfryer,CATEGORY,ADDRESSES_NEED,FOOD_NEED_1,NEED,Behavioral,DIRECTED,LOW,INFERRED,,,,,,p1-5-behavior-extension-2026-08-27,LOW,,,2026-08-27,"AI_SUGGESTION (CANDIDATE) -- category-general reasoning, not evidence-derived. "
edge-00520,philips-airfryer,CATEGORY,ADDRESSES_NEED,FOOD_NEED_2,NEED,Behavioral,DIRECTED,LOW,INFERRED,,,,,,p1-5-behavior-extension-2026-08-27,LOW,,,2026-08-27,"AI_SUGGESTION (CANDIDATE) -- category-general reasoning, not evidence-derived. "
edge-00521,philips-airfryer,CATEGORY,ADDRESSES_NEED,FOOD_NEED_3,NEED,Behavioral,DIRECTED,LOW,INFERRED,,,,,,p1-5-behavior-extension-2026-08-27,LOW,,,2026-08-27,"AI_SUGGESTION (CANDIDATE) -- category-general reasoning, not evidence-derived. "
edge-00522,philips-airfryer,CATEGORY,ADDRESSES_NEED,FOOD_NEED_4,NEED,Behavioral,DIRECTED,LOW,INFERRED,,,,,,p1-5-behavior-extension-2026-08-27,LOW,,,2026-08-27,"AI_SUGGESTION (CANDIDATE) -- category-general reasoning, not evidence-derived. "
edge-00523,philips-airfryer,CATEGORY,USED_IN_CONTEXT,FOOD_CTX_0,CONTEXT,Behavioral,DIRECTED,LOW,INFERRED,,,,,,p1-5-behavior-extension-2026-08-27,LOW,,,2026-08-27,"AI_SUGGESTION (CANDIDATE) -- category-general reasoning, not evidence-derived. "
edge-00524,philips-airfryer,CATEGORY,USED_IN_CONTEXT,FOOD_CTX_1,CONTEXT,Behavioral,DIRECTED,LOW,INFERRED,,,,,,p1-5-behavior-extension-2026-08-27,LOW,,,2026-08-27,"AI_SUGGESTION (CANDIDATE) -- category-general reasoning, not evidence-derived. "
edge-00525,philips-airfryer,CATEGORY,USED_IN_CONTEXT,FOOD_CTX_2,CONTEXT,Behavioral,DIRECTED,LOW,INFERRED,,,,,,p1-5-behavior-extension-2026-08-27,LOW,,,2026-08-27,"AI_SUGGESTION (CANDIDATE) -- category-general reasoning, not evidence-derived. "
edge-00526,philips-airfryer,CATEGORY,USED_IN_CONTEXT,FOOD_CTX_3,CONTEXT,Behavioral,DIRECTED,LOW,INFERRED,,,,,,p1-5-behavior-extension-2026-08-27,LOW,,,2026-08-27,"AI_SUGGESTION (CANDIDATE) -- category-general reasoning, not evidence-derived. "
edge-00527,philips-airfryer,CATEGORY,USED_IN_CONTEXT,FOOD_CTX_4,CONTEXT,Behavioral,DIRECTED,LOW,INFERRED,,,,,,p1-5-behavior-extension-2026-08-27,LOW,,,2026-08-27,"AI_SUGGESTION (CANDIDATE) -- category-general reasoning, not evidence-derived. "
edge-00528,philips-airfryer,CATEGORY,TRIGGERED_BY,FOOD_TRIG_0,TRIGGER,Behavioral,DIRECTED,LOW,INFERRED,,,,,,p1-5-behavior-extension-2026-08-27,LOW,,,2026-08-27,"AI_SUGGESTION (CANDIDATE) -- category-general reasoning, not evidence-derived. "
edge-00529,philips-airfryer,CATEGORY,TRIGGERED_BY,FOOD_TRIG_1,TRIGGER,Behavioral,DIRECTED,LOW,INFERRED,,,,,,p1-5-behavior-extension-2026-08-27,LOW,,,2026-08-27,"AI_SUGGESTION (CANDIDATE) -- category-general reasoning, not evidence-derived. "
edge-00530,philips-airfryer,CATEGORY,TRIGGERED_BY,FOOD_TRIG_2,TRIGGER,Behavioral,DIRECTED,LOW,INFERRED,,,,,,p1-5-behavior-extension-2026-08-27,LOW,,,2026-08-27,"AI_SUGGESTION (CANDIDATE) -- category-general reasoning, not evidence-derived. "
edge-00531,philips-airfryer,CATEGORY,TRIGGERED_BY,FOOD_TRIG_3,TRIGGER,Behavioral,DIRECTED,LOW,INFERRED,,,,,,p1-5-behavior-extension-2026-08-27,LOW,,,2026-08-27,"AI_SUGGESTION (CANDIDATE) -- category-general reasoning, not evidence-derived. "
edge-00532,philips-airfryer,CATEGORY,ENABLES_BEHAVIOR,FOOD_BEH_0,BEHAVIOR,Behavioral,DIRECTED,LOW,INFERRED,,,,,,p1-5-behavior-extension-2026-08-27,LOW,,,2026-08-27,"AI_SUGGESTION (CANDIDATE) -- category-general reasoning, not evidence-derived. "
edge-00533,philips-airfryer,CATEGORY,ENABLES_BEHAVIOR,FOOD_BEH_1,BEHAVIOR,Behavioral,DIRECTED,LOW,INFERRED,,,,,,p1-5-behavior-extension-2026-08-27,LOW,,,2026-08-27,"AI_SUGGESTION (CANDIDATE) -- category-general reasoning, not evidence-derived. "
edge-00534,philips-airfryer,CATEGORY,ENABLES_BEHAVIOR,FOOD_BEH_2,BEHAVIOR,Behavioral,DIRECTED,LOW,INFERRED,,,,,,p1-5-behavior-extension-2026-08-27,LOW,,,2026-08-27,"AI_SUGGESTION (CANDIDATE) -- category-general reasoning, not evidence-derived. "
edge-00535,philips-airfryer,CATEGORY,ENABLES_BEHAVIOR,FOOD_BEH_3,BEHAVIOR,Behavioral,DIRECTED,LOW,INFERRED,,,,,,p1-5-behavior-extension-2026-08-27,LOW,,,2026-08-27,"AI_SUGGESTION (CANDIDATE) -- category-general reasoning, not evidence-derived. "
edge-00536,philips-airfryer,CATEGORY,ENABLES_BEHAVIOR,FOOD_BEH_4,BEHAVIOR,Behavioral,DIRECTED,LOW,INFERRED,,,,,,p1-5-behavior-extension-2026-08-27,LOW,,,2026-08-27,"AI_SUGGESTION (CANDIDATE) -- category-general reasoning, not evidence-derived. "
edge-00537,philips-airfryer,CATEGORY,CREATES_FRICTION,FOOD_FRIC_0,FRICTION,Behavioral,DIRECTED,LOW,INFERRED,,,,,,p1-5-behavior-extension-2026-08-27,LOW,,,2026-08-27,"AI_SUGGESTION (CANDIDATE) -- category-general reasoning, not evidence-derived. "
edge-00538,philips-airfryer,CATEGORY,CREATES_FRICTION,FOOD_FRIC_1,FRICTION,Behavioral,DIRECTED,LOW,INFERRED,,,,,,p1-5-behavior-extension-2026-08-27,LOW,,,2026-08-27,"AI_SUGGESTION (CANDIDATE) -- category-general reasoning, not evidence-derived. "
edge-00539,philips-airfryer,CATEGORY,CREATES_FRICTION,FOOD_FRIC_2,FRICTION,Behavioral,DIRECTED,LOW,INFERRED,,,,,,p1-5-behavior-extension-2026-08-27,LOW,,,2026-08-27,"AI_SUGGESTION (CANDIDATE) -- category-general reasoning, not evidence-derived. "
edge-00540,philips-airfryer,CATEGORY,CREATES_FRICTION,FOOD_FRIC_3,FRICTION,Behavioral,DIRECTED,LOW,INFERRED,,,,,,p1-5-behavior-extension-2026-08-27,LOW,,,2026-08-27,"AI_SUGGESTION (CANDIDATE) -- category-general reasoning, not evidence-derived. "
edge-00541,philips-airfryer,CATEGORY,CREATES_FRICTION,FOOD_FRIC_4,FRICTION,Behavioral,DIRECTED,LOW,INFERRED,,,,,,p1-5-behavior-extension-2026-08-27,LOW,,,2026-08-27,"AI_SUGGESTION (CANDIDATE) -- category-general reasoning, not evidence-derived. "
edge-00542,philips-airfryer,CATEGORY,ASSOCIATED_WITH_OUTCOME,FOOD_OUT_0,OUTCOME,Behavioral,DIRECTED,LOW,INFERRED,,,,,,p1-5-behavior-extension-2026-08-27,LOW,,,2026-08-27,"AI_SUGGESTION (CANDIDATE) -- category-general reasoning, not evidence-derived. "
edge-00543,philips-airfryer,CATEGORY,ASSOCIATED_WITH_OUTCOME,FOOD_OUT_1,OUTCOME,Behavioral,DIRECTED,LOW,INFERRED,,,,,,p1-5-behavior-extension-2026-08-27,LOW,,,2026-08-27,"AI_SUGGESTION (CANDIDATE) -- category-general reasoning, not evidence-derived. "
edge-00544,philips-airfryer,CATEGORY,ASSOCIATED_WITH_OUTCOME,FOOD_OUT_2,OUTCOME,Behavioral,DIRECTED,LOW,INFERRED,,,,,,p1-5-behavior-extension-2026-08-27,LOW,,,2026-08-27,"AI_SUGGESTION (CANDIDATE) -- category-general reasoning, not evidence-derived. "
edge-00545,philips-airfryer,CATEGORY,ASSOCIATED_WITH_OUTCOME,FOOD_OUT_3,OUTCOME,Behavioral,DIRECTED,LOW,INFERRED,,,,,,p1-5-behavior-extension-2026-08-27,LOW,,,2026-08-27,"AI_SUGGESTION (CANDIDATE) -- category-general reasoning, not evidence-derived. "
edge-00546,philips-cooking,CATEGORY,SERVES_JOB,FOOD_JOB_0,USER_JOB,Behavioral,DIRECTED,LOW,INFERRED,,,,,,p1-5-behavior-extension-2026-08-27,LOW,,,2026-08-27,"AI_SUGGESTION (CANDIDATE) -- category-general reasoning, not evidence-derived. "
edge-00547,philips-cooking,CATEGORY,SERVES_JOB,FOOD_JOB_1,USER_JOB,Behavioral,DIRECTED,LOW,INFERRED,,,,,,p1-5-behavior-extension-2026-08-27,LOW,,,2026-08-27,"AI_SUGGESTION (CANDIDATE) -- category-general reasoning, not evidence-derived. "
edge-00548,philips-cooking,CATEGORY,SERVES_JOB,FOOD_JOB_2,USER_JOB,Behavioral,DIRECTED,LOW,INFERRED,,,,,,p1-5-behavior-extension-2026-08-27,LOW,,,2026-08-27,"AI_SUGGESTION (CANDIDATE) -- category-general reasoning, not evidence-derived. "
edge-00549,philips-cooking,CATEGORY,SERVES_JOB,FOOD_JOB_3,USER_JOB,Behavioral,DIRECTED,LOW,INFERRED,,,,,,p1-5-behavior-extension-2026-08-27,LOW,,,2026-08-27,"AI_SUGGESTION (CANDIDATE) -- category-general reasoning, not evidence-derived. "
edge-00550,philips-cooking,CATEGORY,SERVES_JOB,FOOD_JOB_4,USER_JOB,Behavioral,DIRECTED,LOW,INFERRED,,,,,,p1-5-behavior-extension-2026-08-27,LOW,,,2026-08-27,"AI_SUGGESTION (CANDIDATE) -- category-general reasoning, not evidence-derived. "
edge-00551,philips-cooking,CATEGORY,ADDRESSES_NEED,FOOD_NEED_0,NEED,Behavioral,DIRECTED,LOW,INFERRED,,,,,,p1-5-behavior-extension-2026-08-27,LOW,,,2026-08-27,"AI_SUGGESTION (CANDIDATE) -- category-general reasoning, not evidence-derived. "
edge-00552,philips-cooking,CATEGORY,ADDRESSES_NEED,FOOD_NEED_1,NEED,Behavioral,DIRECTED,LOW,INFERRED,,,,,,p1-5-behavior-extension-2026-08-27,LOW,,,2026-08-27,"AI_SUGGESTION (CANDIDATE) -- category-general reasoning, not evidence-derived. "
edge-00553,philips-cooking,CATEGORY,ADDRESSES_NEED,FOOD_NEED_2,NEED,Behavioral,DIRECTED,LOW,INFERRED,,,,,,p1-5-behavior-extension-2026-08-27,LOW,,,2026-08-27,"AI_SUGGESTION (CANDIDATE) -- category-general reasoning, not evidence-derived. "
edge-00554,philips-cooking,CATEGORY,ADDRESSES_NEED,FOOD_NEED_3,NEED,Behavioral,DIRECTED,LOW,INFERRED,,,,,,p1-5-behavior-extension-2026-08-27,LOW,,,2026-08-27,"AI_SUGGESTION (CANDIDATE) -- category-general reasoning, not evidence-derived. "
edge-00555,philips-cooking,CATEGORY,ADDRESSES_NEED,FOOD_NEED_4,NEED,Behavioral,DIRECTED,LOW,INFERRED,,,,,,p1-5-behavior-extension-2026-08-27,LOW,,,2026-08-27,"AI_SUGGESTION (CANDIDATE) -- category-general reasoning, not evidence-derived. "
edge-00556,philips-cooking,CATEGORY,USED_IN_CONTEXT,FOOD_CTX_0,CONTEXT,Behavioral,DIRECTED,LOW,INFERRED,,,,,,p1-5-behavior-extension-2026-08-27,LOW,,,2026-08-27,"AI_SUGGESTION (CANDIDATE) -- category-general reasoning, not evidence-derived. "
edge-00557,philips-cooking,CATEGORY,USED_IN_CONTEXT,FOOD_CTX_1,CONTEXT,Behavioral,DIRECTED,LOW,INFERRED,,,,,,p1-5-behavior-extension-2026-08-27,LOW,,,2026-08-27,"AI_SUGGESTION (CANDIDATE) -- category-general reasoning, not evidence-derived. "
edge-00558,philips-cooking,CATEGORY,USED_IN_CONTEXT,FOOD_CTX_2,CONTEXT,Behavioral,DIRECTED,LOW,INFERRED,,,,,,p1-5-behavior-extension-2026-08-27,LOW,,,2026-08-27,"AI_SUGGESTION (CANDIDATE) -- category-general reasoning, not evidence-derived. "
edge-00559,philips-cooking,CATEGORY,USED_IN_CONTEXT,FOOD_CTX_3,CONTEXT,Behavioral,DIRECTED,LOW,INFERRED,,,,,,p1-5-behavior-extension-2026-08-27,LOW,,,2026-08-27,"AI_SUGGESTION (CANDIDATE) -- category-general reasoning, not evidence-derived. "
edge-00560,philips-cooking,CATEGORY,USED_IN_CONTEXT,FOOD_CTX_4,CONTEXT,Behavioral,DIRECTED,LOW,INFERRED,,,,,,p1-5-behavior-extension-2026-08-27,LOW,,,2026-08-27,"AI_SUGGESTION (CANDIDATE) -- category-general reasoning, not evidence-derived. "
edge-00561,philips-cooking,CATEGORY,TRIGGERED_BY,FOOD_TRIG_0,TRIGGER,Behavioral,DIRECTED,LOW,INFERRED,,,,,,p1-5-behavior-extension-2026-08-27,LOW,,,2026-08-27,"AI_SUGGESTION (CANDIDATE) -- category-general reasoning, not evidence-derived. "
edge-00562,philips-cooking,CATEGORY,TRIGGERED_BY,FOOD_TRIG_1,TRIGGER,Behavioral,DIRECTED,LOW,INFERRED,,,,,,p1-5-behavior-extension-2026-08-27,LOW,,,2026-08-27,"AI_SUGGESTION (CANDIDATE) -- category-general reasoning, not evidence-derived. "
edge-00563,philips-cooking,CATEGORY,TRIGGERED_BY,FOOD_TRIG_2,TRIGGER,Behavioral,DIRECTED,LOW,INFERRED,,,,,,p1-5-behavior-extension-2026-08-27,LOW,,,2026-08-27,"AI_SUGGESTION (CANDIDATE) -- category-general reasoning, not evidence-derived. "
edge-00564,philips-cooking,CATEGORY,TRIGGERED_BY,FOOD_TRIG_3,TRIGGER,Behavioral,DIRECTED,LOW,INFERRED,,,,,,p1-5-behavior-extension-2026-08-27,LOW,,,2026-08-27,"AI_SUGGESTION (CANDIDATE) -- category-general reasoning, not evidence-derived. "
edge-00565,philips-cooking,CATEGORY,ENABLES_BEHAVIOR,FOOD_BEH_0,BEHAVIOR,Behavioral,DIRECTED,LOW,INFERRED,,,,,,p1-5-behavior-extension-2026-08-27,LOW,,,2026-08-27,"AI_SUGGESTION (CANDIDATE) -- category-general reasoning, not evidence-derived. "
edge-00566,philips-cooking,CATEGORY,ENABLES_BEHAVIOR,FOOD_BEH_1,BEHAVIOR,Behavioral,DIRECTED,LOW,INFERRED,,,,,,p1-5-behavior-extension-2026-08-27,LOW,,,2026-08-27,"AI_SUGGESTION (CANDIDATE) -- category-general reasoning, not evidence-derived. "
edge-00567,philips-cooking,CATEGORY,ENABLES_BEHAVIOR,FOOD_BEH_2,BEHAVIOR,Behavioral,DIRECTED,LOW,INFERRED,,,,,,p1-5-behavior-extension-2026-08-27,LOW,,,2026-08-27,"AI_SUGGESTION (CANDIDATE) -- category-general reasoning, not evidence-derived. "
edge-00568,philips-cooking,CATEGORY,ENABLES_BEHAVIOR,FOOD_BEH_3,BEHAVIOR,Behavioral,DIRECTED,LOW,INFERRED,,,,,,p1-5-behavior-extension-2026-08-27,LOW,,,2026-08-27,"AI_SUGGESTION (CANDIDATE) -- category-general reasoning, not evidence-derived. "
edge-00569,philips-cooking,CATEGORY,ENABLES_BEHAVIOR,FOOD_BEH_4,BEHAVIOR,Behavioral,DIRECTED,LOW,INFERRED,,,,,,p1-5-behavior-extension-2026-08-27,LOW,,,2026-08-27,"AI_SUGGESTION (CANDIDATE) -- category-general reasoning, not evidence-derived. "
edge-00570,philips-cooking,CATEGORY,CREATES_FRICTION,FOOD_FRIC_0,FRICTION,Behavioral,DIRECTED,LOW,INFERRED,,,,,,p1-5-behavior-extension-2026-08-27,LOW,,,2026-08-27,"AI_SUGGESTION (CANDIDATE) -- category-general reasoning, not evidence-derived. "
edge-00571,philips-cooking,CATEGORY,CREATES_FRICTION,FOOD_FRIC_1,FRICTION,Behavioral,DIRECTED,LOW,INFERRED,,,,,,p1-5-behavior-extension-2026-08-27,LOW,,,2026-08-27,"AI_SUGGESTION (CANDIDATE) -- category-general reasoning, not evidence-derived. "
edge-00572,philips-cooking,CATEGORY,CREATES_FRICTION,FOOD_FRIC_2,FRICTION,Behavioral,DIRECTED,LOW,INFERRED,,,,,,p1-5-behavior-extension-2026-08-27,LOW,,,2026-08-27,"AI_SUGGESTION (CANDIDATE) -- category-general reasoning, not evidence-derived. "
edge-00573,philips-cooking,CATEGORY,CREATES_FRICTION,FOOD_FRIC_3,FRICTION,Behavioral,DIRECTED,LOW,INFERRED,,,,,,p1-5-behavior-extension-2026-08-27,LOW,,,2026-08-27,"AI_SUGGESTION (CANDIDATE) -- category-general reasoning, not evidence-derived. "
edge-00574,philips-cooking,CATEGORY,CREATES_FRICTION,FOOD_FRIC_4,FRICTION,Behavioral,DIRECTED,LOW,INFERRED,,,,,,p1-5-behavior-extension-2026-08-27,LOW,,,2026-08-27,"AI_SUGGESTION (CANDIDATE) -- category-general reasoning, not evidence-derived. "
edge-00575,philips-cooking,CATEGORY,ASSOCIATED_WITH_OUTCOME,FOOD_OUT_0,OUTCOME,Behavioral,DIRECTED,LOW,INFERRED,,,,,,p1-5-behavior-extension-2026-08-27,LOW,,,2026-08-27,"AI_SUGGESTION (CANDIDATE) -- category-general reasoning, not evidence-derived. "
edge-00576,philips-cooking,CATEGORY,ASSOCIATED_WITH_OUTCOME,FOOD_OUT_1,OUTCOME,Behavioral,DIRECTED,LOW,INFERRED,,,,,,p1-5-behavior-extension-2026-08-27,LOW,,,2026-08-27,"AI_SUGGESTION (CANDIDATE) -- category-general reasoning, not evidence-derived. "
edge-00577,philips-cooking,CATEGORY,ASSOCIATED_WITH_OUTCOME,FOOD_OUT_2,OUTCOME,Behavioral,DIRECTED,LOW,INFERRED,,,,,,p1-5-behavior-extension-2026-08-27,LOW,,,2026-08-27,"AI_SUGGESTION (CANDIDATE) -- category-general reasoning, not evidence-derived. "
edge-00578,philips-cooking,CATEGORY,ASSOCIATED_WITH_OUTCOME,FOOD_OUT_3,OUTCOME,Behavioral,DIRECTED,LOW,INFERRED,,,,,,p1-5-behavior-extension-2026-08-27,LOW,,,2026-08-27,"AI_SUGGESTION (CANDIDATE) -- category-general reasoning, not evidence-derived. "
edge-00579,philips-blending,CATEGORY,SERVES_JOB,FOOD_JOB_0,USER_JOB,Behavioral,DIRECTED,LOW,INFERRED,,,,,,p1-5-behavior-extension-2026-08-27,LOW,,,2026-08-27,"AI_SUGGESTION (CANDIDATE) -- category-general reasoning, not evidence-derived. "
edge-00580,philips-blending,CATEGORY,SERVES_JOB,FOOD_JOB_1,USER_JOB,Behavioral,DIRECTED,LOW,INFERRED,,,,,,p1-5-behavior-extension-2026-08-27,LOW,,,2026-08-27,"AI_SUGGESTION (CANDIDATE) -- category-general reasoning, not evidence-derived. "
edge-00581,philips-blending,CATEGORY,SERVES_JOB,FOOD_JOB_2,USER_JOB,Behavioral,DIRECTED,LOW,INFERRED,,,,,,p1-5-behavior-extension-2026-08-27,LOW,,,2026-08-27,"AI_SUGGESTION (CANDIDATE) -- category-general reasoning, not evidence-derived. "
edge-00582,philips-blending,CATEGORY,SERVES_JOB,FOOD_JOB_3,USER_JOB,Behavioral,DIRECTED,LOW,INFERRED,,,,,,p1-5-behavior-extension-2026-08-27,LOW,,,2026-08-27,"AI_SUGGESTION (CANDIDATE) -- category-general reasoning, not evidence-derived. "
edge-00583,philips-blending,CATEGORY,SERVES_JOB,FOOD_JOB_4,USER_JOB,Behavioral,DIRECTED,LOW,INFERRED,,,,,,p1-5-behavior-extension-2026-08-27,LOW,,,2026-08-27,"AI_SUGGESTION (CANDIDATE) -- category-general reasoning, not evidence-derived. "
edge-00584,philips-blending,CATEGORY,ADDRESSES_NEED,FOOD_NEED_0,NEED,Behavioral,DIRECTED,LOW,INFERRED,,,,,,p1-5-behavior-extension-2026-08-27,LOW,,,2026-08-27,"AI_SUGGESTION (CANDIDATE) -- category-general reasoning, not evidence-derived. "
edge-00585,philips-blending,CATEGORY,ADDRESSES_NEED,FOOD_NEED_1,NEED,Behavioral,DIRECTED,LOW,INFERRED,,,,,,p1-5-behavior-extension-2026-08-27,LOW,,,2026-08-27,"AI_SUGGESTION (CANDIDATE) -- category-general reasoning, not evidence-derived. "
edge-00586,philips-blending,CATEGORY,ADDRESSES_NEED,FOOD_NEED_2,NEED,Behavioral,DIRECTED,LOW,INFERRED,,,,,,p1-5-behavior-extension-2026-08-27,LOW,,,2026-08-27,"AI_SUGGESTION (CANDIDATE) -- category-general reasoning, not evidence-derived. "
edge-00587,philips-blending,CATEGORY,ADDRESSES_NEED,FOOD_NEED_3,NEED,Behavioral,DIRECTED,LOW,INFERRED,,,,,,p1-5-behavior-extension-2026-08-27,LOW,,,2026-08-27,"AI_SUGGESTION (CANDIDATE) -- category-general reasoning, not evidence-derived. "
edge-00588,philips-blending,CATEGORY,ADDRESSES_NEED,FOOD_NEED_4,NEED,Behavioral,DIRECTED,LOW,INFERRED,,,,,,p1-5-behavior-extension-2026-08-27,LOW,,,2026-08-27,"AI_SUGGESTION (CANDIDATE) -- category-general reasoning, not evidence-derived. "
edge-00589,philips-blending,CATEGORY,USED_IN_CONTEXT,FOOD_CTX_0,CONTEXT,Behavioral,DIRECTED,LOW,INFERRED,,,,,,p1-5-behavior-extension-2026-08-27,LOW,,,2026-08-27,"AI_SUGGESTION (CANDIDATE) -- category-general reasoning, not evidence-derived. "
edge-00590,philips-blending,CATEGORY,USED_IN_CONTEXT,FOOD_CTX_1,CONTEXT,Behavioral,DIRECTED,LOW,INFERRED,,,,,,p1-5-behavior-extension-2026-08-27,LOW,,,2026-08-27,"AI_SUGGESTION (CANDIDATE) -- category-general reasoning, not evidence-derived. "
edge-00591,philips-blending,CATEGORY,USED_IN_CONTEXT,FOOD_CTX_2,CONTEXT,Behavioral,DIRECTED,LOW,INFERRED,,,,,,p1-5-behavior-extension-2026-08-27,LOW,,,2026-08-27,"AI_SUGGESTION (CANDIDATE) -- category-general reasoning, not evidence-derived. "
edge-00592,philips-blending,CATEGORY,USED_IN_CONTEXT,FOOD_CTX_3,CONTEXT,Behavioral,DIRECTED,LOW,INFERRED,,,,,,p1-5-behavior-extension-2026-08-27,LOW,,,2026-08-27,"AI_SUGGESTION (CANDIDATE) -- category-general reasoning, not evidence-derived. "
edge-00593,philips-blending,CATEGORY,USED_IN_CONTEXT,FOOD_CTX_4,CONTEXT,Behavioral,DIRECTED,LOW,INFERRED,,,,,,p1-5-behavior-extension-2026-08-27,LOW,,,2026-08-27,"AI_SUGGESTION (CANDIDATE) -- category-general reasoning, not evidence-derived. "
edge-00594,philips-blending,CATEGORY,TRIGGERED_BY,FOOD_TRIG_0,TRIGGER,Behavioral,DIRECTED,LOW,INFERRED,,,,,,p1-5-behavior-extension-2026-08-27,LOW,,,2026-08-27,"AI_SUGGESTION (CANDIDATE) -- category-general reasoning, not evidence-derived. "
edge-00595,philips-blending,CATEGORY,TRIGGERED_BY,FOOD_TRIG_1,TRIGGER,Behavioral,DIRECTED,LOW,INFERRED,,,,,,p1-5-behavior-extension-2026-08-27,LOW,,,2026-08-27,"AI_SUGGESTION (CANDIDATE) -- category-general reasoning, not evidence-derived. "
edge-00596,philips-blending,CATEGORY,TRIGGERED_BY,FOOD_TRIG_2,TRIGGER,Behavioral,DIRECTED,LOW,INFERRED,,,,,,p1-5-behavior-extension-2026-08-27,LOW,,,2026-08-27,"AI_SUGGESTION (CANDIDATE) -- category-general reasoning, not evidence-derived. "
edge-00597,philips-blending,CATEGORY,TRIGGERED_BY,FOOD_TRIG_3,TRIGGER,Behavioral,DIRECTED,LOW,INFERRED,,,,,,p1-5-behavior-extension-2026-08-27,LOW,,,2026-08-27,"AI_SUGGESTION (CANDIDATE) -- category-general reasoning, not evidence-derived. "
edge-00598,philips-blending,CATEGORY,ENABLES_BEHAVIOR,FOOD_BEH_0,BEHAVIOR,Behavioral,DIRECTED,LOW,INFERRED,,,,,,p1-5-behavior-extension-2026-08-27,LOW,,,2026-08-27,"AI_SUGGESTION (CANDIDATE) -- category-general reasoning, not evidence-derived. "
edge-00599,philips-blending,CATEGORY,ENABLES_BEHAVIOR,FOOD_BEH_1,BEHAVIOR,Behavioral,DIRECTED,LOW,INFERRED,,,,,,p1-5-behavior-extension-2026-08-27,LOW,,,2026-08-27,"AI_SUGGESTION (CANDIDATE) -- category-general reasoning, not evidence-derived. "
edge-00600,philips-blending,CATEGORY,ENABLES_BEHAVIOR,FOOD_BEH_2,BEHAVIOR,Behavioral,DIRECTED,LOW,INFERRED,,,,,,p1-5-behavior-extension-2026-08-27,LOW,,,2026-08-27,"AI_SUGGESTION (CANDIDATE) -- category-general reasoning, not evidence-derived. "
edge-00601,philips-blending,CATEGORY,ENABLES_BEHAVIOR,FOOD_BEH_3,BEHAVIOR,Behavioral,DIRECTED,LOW,INFERRED,,,,,,p1-5-behavior-extension-2026-08-27,LOW,,,2026-08-27,"AI_SUGGESTION (CANDIDATE) -- category-general reasoning, not evidence-derived. "
edge-00602,philips-blending,CATEGORY,ENABLES_BEHAVIOR,FOOD_BEH_4,BEHAVIOR,Behavioral,DIRECTED,LOW,INFERRED,,,,,,p1-5-behavior-extension-2026-08-27,LOW,,,2026-08-27,"AI_SUGGESTION (CANDIDATE) -- category-general reasoning, not evidence-derived. "
edge-00603,philips-blending,CATEGORY,CREATES_FRICTION,FOOD_FRIC_0,FRICTION,Behavioral,DIRECTED,LOW,INFERRED,,,,,,p1-5-behavior-extension-2026-08-27,LOW,,,2026-08-27,"AI_SUGGESTION (CANDIDATE) -- category-general reasoning, not evidence-derived. "
edge-00604,philips-blending,CATEGORY,CREATES_FRICTION,FOOD_FRIC_1,FRICTION,Behavioral,DIRECTED,LOW,INFERRED,,,,,,p1-5-behavior-extension-2026-08-27,LOW,,,2026-08-27,"AI_SUGGESTION (CANDIDATE) -- category-general reasoning, not evidence-derived. "
edge-00605,philips-blending,CATEGORY,CREATES_FRICTION,FOOD_FRIC_2,FRICTION,Behavioral,DIRECTED,LOW,INFERRED,,,,,,p1-5-behavior-extension-2026-08-27,LOW,,,2026-08-27,"AI_SUGGESTION (CANDIDATE) -- category-general reasoning, not evidence-derived. "
edge-00606,philips-blending,CATEGORY,CREATES_FRICTION,FOOD_FRIC_3,FRICTION,Behavioral,DIRECTED,LOW,INFERRED,,,,,,p1-5-behavior-extension-2026-08-27,LOW,,,2026-08-27,"AI_SUGGESTION (CANDIDATE) -- category-general reasoning, not evidence-derived. "
edge-00607,philips-blending,CATEGORY,CREATES_FRICTION,FOOD_FRIC_4,FRICTION,Behavioral,DIRECTED,LOW,INFERRED,,,,,,p1-5-behavior-extension-2026-08-27,LOW,,,2026-08-27,"AI_SUGGESTION (CANDIDATE) -- category-general reasoning, not evidence-derived. "
edge-00608,philips-blending,CATEGORY,ASSOCIATED_WITH_OUTCOME,FOOD_OUT_0,OUTCOME,Behavioral,DIRECTED,LOW,INFERRED,,,,,,p1-5-behavior-extension-2026-08-27,LOW,,,2026-08-27,"AI_SUGGESTION (CANDIDATE) -- category-general reasoning, not evidence-derived. "
edge-00609,philips-blending,CATEGORY,ASSOCIATED_WITH_OUTCOME,FOOD_OUT_1,OUTCOME,Behavioral,DIRECTED,LOW,INFERRED,,,,,,p1-5-behavior-extension-2026-08-27,LOW,,,2026-08-27,"AI_SUGGESTION (CANDIDATE) -- category-general reasoning, not evidence-derived. "
edge-00610,philips-blending,CATEGORY,ASSOCIATED_WITH_OUTCOME,FOOD_OUT_2,OUTCOME,Behavioral,DIRECTED,LOW,INFERRED,,,,,,p1-5-behavior-extension-2026-08-27,LOW,,,2026-08-27,"AI_SUGGESTION (CANDIDATE) -- category-general reasoning, not evidence-derived. "
edge-00611,philips-blending,CATEGORY,ASSOCIATED_WITH_OUTCOME,FOOD_OUT_3,OUTCOME,Behavioral,DIRECTED,LOW,INFERRED,,,,,,p1-5-behavior-extension-2026-08-27,LOW,,,2026-08-27,"AI_SUGGESTION (CANDIDATE) -- category-general reasoning, not evidence-derived. "
edge-00612,philips-juicing,CATEGORY,SERVES_JOB,FOOD_JOB_0,USER_JOB,Behavioral,DIRECTED,LOW,INFERRED,,,,,,p1-5-behavior-extension-2026-08-27,LOW,,,2026-08-27,"AI_SUGGESTION (CANDIDATE) -- category-general reasoning, not evidence-derived. "
edge-00613,philips-juicing,CATEGORY,SERVES_JOB,FOOD_JOB_1,USER_JOB,Behavioral,DIRECTED,LOW,INFERRED,,,,,,p1-5-behavior-extension-2026-08-27,LOW,,,2026-08-27,"AI_SUGGESTION (CANDIDATE) -- category-general reasoning, not evidence-derived. "
edge-00614,philips-juicing,CATEGORY,SERVES_JOB,FOOD_JOB_2,USER_JOB,Behavioral,DIRECTED,LOW,INFERRED,,,,,,p1-5-behavior-extension-2026-08-27,LOW,,,2026-08-27,"AI_SUGGESTION (CANDIDATE) -- category-general reasoning, not evidence-derived. "
edge-00615,philips-juicing,CATEGORY,SERVES_JOB,FOOD_JOB_3,USER_JOB,Behavioral,DIRECTED,LOW,INFERRED,,,,,,p1-5-behavior-extension-2026-08-27,LOW,,,2026-08-27,"AI_SUGGESTION (CANDIDATE) -- category-general reasoning, not evidence-derived. "
edge-00616,philips-juicing,CATEGORY,SERVES_JOB,FOOD_JOB_4,USER_JOB,Behavioral,DIRECTED,LOW,INFERRED,,,,,,p1-5-behavior-extension-2026-08-27,LOW,,,2026-08-27,"AI_SUGGESTION (CANDIDATE) -- category-general reasoning, not evidence-derived. "
edge-00617,philips-juicing,CATEGORY,ADDRESSES_NEED,FOOD_NEED_0,NEED,Behavioral,DIRECTED,LOW,INFERRED,,,,,,p1-5-behavior-extension-2026-08-27,LOW,,,2026-08-27,"AI_SUGGESTION (CANDIDATE) -- category-general reasoning, not evidence-derived. "
edge-00618,philips-juicing,CATEGORY,ADDRESSES_NEED,FOOD_NEED_1,NEED,Behavioral,DIRECTED,LOW,INFERRED,,,,,,p1-5-behavior-extension-2026-08-27,LOW,,,2026-08-27,"AI_SUGGESTION (CANDIDATE) -- category-general reasoning, not evidence-derived. "
edge-00619,philips-juicing,CATEGORY,ADDRESSES_NEED,FOOD_NEED_2,NEED,Behavioral,DIRECTED,LOW,INFERRED,,,,,,p1-5-behavior-extension-2026-08-27,LOW,,,2026-08-27,"AI_SUGGESTION (CANDIDATE) -- category-general reasoning, not evidence-derived. "
edge-00620,philips-juicing,CATEGORY,ADDRESSES_NEED,FOOD_NEED_3,NEED,Behavioral,DIRECTED,LOW,INFERRED,,,,,,p1-5-behavior-extension-2026-08-27,LOW,,,2026-08-27,"AI_SUGGESTION (CANDIDATE) -- category-general reasoning, not evidence-derived. "
edge-00621,philips-juicing,CATEGORY,ADDRESSES_NEED,FOOD_NEED_4,NEED,Behavioral,DIRECTED,LOW,INFERRED,,,,,,p1-5-behavior-extension-2026-08-27,LOW,,,2026-08-27,"AI_SUGGESTION (CANDIDATE) -- category-general reasoning, not evidence-derived. "
edge-00622,philips-juicing,CATEGORY,USED_IN_CONTEXT,FOOD_CTX_0,CONTEXT,Behavioral,DIRECTED,LOW,INFERRED,,,,,,p1-5-behavior-extension-2026-08-27,LOW,,,2026-08-27,"AI_SUGGESTION (CANDIDATE) -- category-general reasoning, not evidence-derived. "
edge-00623,philips-juicing,CATEGORY,USED_IN_CONTEXT,FOOD_CTX_1,CONTEXT,Behavioral,DIRECTED,LOW,INFERRED,,,,,,p1-5-behavior-extension-2026-08-27,LOW,,,2026-08-27,"AI_SUGGESTION (CANDIDATE) -- category-general reasoning, not evidence-derived. "
edge-00624,philips-juicing,CATEGORY,USED_IN_CONTEXT,FOOD_CTX_2,CONTEXT,Behavioral,DIRECTED,LOW,INFERRED,,,,,,p1-5-behavior-extension-2026-08-27,LOW,,,2026-08-27,"AI_SUGGESTION (CANDIDATE) -- category-general reasoning, not evidence-derived. "
edge-00625,philips-juicing,CATEGORY,USED_IN_CONTEXT,FOOD_CTX_3,CONTEXT,Behavioral,DIRECTED,LOW,INFERRED,,,,,,p1-5-behavior-extension-2026-08-27,LOW,,,2026-08-27,"AI_SUGGESTION (CANDIDATE) -- category-general reasoning, not evidence-derived. "
edge-00626,philips-juicing,CATEGORY,USED_IN_CONTEXT,FOOD_CTX_4,CONTEXT,Behavioral,DIRECTED,LOW,INFERRED,,,,,,p1-5-behavior-extension-2026-08-27,LOW,,,2026-08-27,"AI_SUGGESTION (CANDIDATE) -- category-general reasoning, not evidence-derived. "
edge-00627,philips-juicing,CATEGORY,TRIGGERED_BY,FOOD_TRIG_0,TRIGGER,Behavioral,DIRECTED,LOW,INFERRED,,,,,,p1-5-behavior-extension-2026-08-27,LOW,,,2026-08-27,"AI_SUGGESTION (CANDIDATE) -- category-general reasoning, not evidence-derived. "
edge-00628,philips-juicing,CATEGORY,TRIGGERED_BY,FOOD_TRIG_1,TRIGGER,Behavioral,DIRECTED,LOW,INFERRED,,,,,,p1-5-behavior-extension-2026-08-27,LOW,,,2026-08-27,"AI_SUGGESTION (CANDIDATE) -- category-general reasoning, not evidence-derived. "
edge-00629,philips-juicing,CATEGORY,TRIGGERED_BY,FOOD_TRIG_2,TRIGGER,Behavioral,DIRECTED,LOW,INFERRED,,,,,,p1-5-behavior-extension-2026-08-27,LOW,,,2026-08-27,"AI_SUGGESTION (CANDIDATE) -- category-general reasoning, not evidence-derived. "
edge-00630,philips-juicing,CATEGORY,TRIGGERED_BY,FOOD_TRIG_3,TRIGGER,Behavioral,DIRECTED,LOW,INFERRED,,,,,,p1-5-behavior-extension-2026-08-27,LOW,,,2026-08-27,"AI_SUGGESTION (CANDIDATE) -- category-general reasoning, not evidence-derived. "
edge-00631,philips-juicing,CATEGORY,ENABLES_BEHAVIOR,FOOD_BEH_0,BEHAVIOR,Behavioral,DIRECTED,LOW,INFERRED,,,,,,p1-5-behavior-extension-2026-08-27,LOW,,,2026-08-27,"AI_SUGGESTION (CANDIDATE) -- category-general reasoning, not evidence-derived. "
edge-00632,philips-juicing,CATEGORY,ENABLES_BEHAVIOR,FOOD_BEH_1,BEHAVIOR,Behavioral,DIRECTED,LOW,INFERRED,,,,,,p1-5-behavior-extension-2026-08-27,LOW,,,2026-08-27,"AI_SUGGESTION (CANDIDATE) -- category-general reasoning, not evidence-derived. "
edge-00633,philips-juicing,CATEGORY,ENABLES_BEHAVIOR,FOOD_BEH_2,BEHAVIOR,Behavioral,DIRECTED,LOW,INFERRED,,,,,,p1-5-behavior-extension-2026-08-27,LOW,,,2026-08-27,"AI_SUGGESTION (CANDIDATE) -- category-general reasoning, not evidence-derived. "
edge-00634,philips-juicing,CATEGORY,ENABLES_BEHAVIOR,FOOD_BEH_3,BEHAVIOR,Behavioral,DIRECTED,LOW,INFERRED,,,,,,p1-5-behavior-extension-2026-08-27,LOW,,,2026-08-27,"AI_SUGGESTION (CANDIDATE) -- category-general reasoning, not evidence-derived. "
edge-00635,philips-juicing,CATEGORY,ENABLES_BEHAVIOR,FOOD_BEH_4,BEHAVIOR,Behavioral,DIRECTED,LOW,INFERRED,,,,,,p1-5-behavior-extension-2026-08-27,LOW,,,2026-08-27,"AI_SUGGESTION (CANDIDATE) -- category-general reasoning, not evidence-derived. "
edge-00636,philips-juicing,CATEGORY,CREATES_FRICTION,FOOD_FRIC_0,FRICTION,Behavioral,DIRECTED,LOW,INFERRED,,,,,,p1-5-behavior-extension-2026-08-27,LOW,,,2026-08-27,"AI_SUGGESTION (CANDIDATE) -- category-general reasoning, not evidence-derived. "
edge-00637,philips-juicing,CATEGORY,CREATES_FRICTION,FOOD_FRIC_1,FRICTION,Behavioral,DIRECTED,LOW,INFERRED,,,,,,p1-5-behavior-extension-2026-08-27,LOW,,,2026-08-27,"AI_SUGGESTION (CANDIDATE) -- category-general reasoning, not evidence-derived. "
edge-00638,philips-juicing,CATEGORY,CREATES_FRICTION,FOOD_FRIC_2,FRICTION,Behavioral,DIRECTED,LOW,INFERRED,,,,,,p1-5-behavior-extension-2026-08-27,LOW,,,2026-08-27,"AI_SUGGESTION (CANDIDATE) -- category-general reasoning, not evidence-derived. "
edge-00639,philips-juicing,CATEGORY,CREATES_FRICTION,FOOD_FRIC_3,FRICTION,Behavioral,DIRECTED,LOW,INFERRED,,,,,,p1-5-behavior-extension-2026-08-27,LOW,,,2026-08-27,"AI_SUGGESTION (CANDIDATE) -- category-general reasoning, not evidence-derived. "
edge-00640,philips-juicing,CATEGORY,CREATES_FRICTION,FOOD_FRIC_4,FRICTION,Behavioral,DIRECTED,LOW,INFERRED,,,,,,p1-5-behavior-extension-2026-08-27,LOW,,,2026-08-27,"AI_SUGGESTION (CANDIDATE) -- category-general reasoning, not evidence-derived. "
edge-00641,philips-juicing,CATEGORY,ASSOCIATED_WITH_OUTCOME,FOOD_OUT_0,OUTCOME,Behavioral,DIRECTED,LOW,INFERRED,,,,,,p1-5-behavior-extension-2026-08-27,LOW,,,2026-08-27,"AI_SUGGESTION (CANDIDATE) -- category-general reasoning, not evidence-derived. "
edge-00642,philips-juicing,CATEGORY,ASSOCIATED_WITH_OUTCOME,FOOD_OUT_1,OUTCOME,Behavioral,DIRECTED,LOW,INFERRED,,,,,,p1-5-behavior-extension-2026-08-27,LOW,,,2026-08-27,"AI_SUGGESTION (CANDIDATE) -- category-general reasoning, not evidence-derived. "
edge-00643,philips-juicing,CATEGORY,ASSOCIATED_WITH_OUTCOME,FOOD_OUT_2,OUTCOME,Behavioral,DIRECTED,LOW,INFERRED,,,,,,p1-5-behavior-extension-2026-08-27,LOW,,,2026-08-27,"AI_SUGGESTION (CANDIDATE) -- category-general reasoning, not evidence-derived. "
edge-00644,philips-juicing,CATEGORY,ASSOCIATED_WITH_OUTCOME,FOOD_OUT_3,OUTCOME,Behavioral,DIRECTED,LOW,INFERRED,,,,,,p1-5-behavior-extension-2026-08-27,LOW,,,2026-08-27,"AI_SUGGESTION (CANDIDATE) -- category-general reasoning, not evidence-derived. "
edge-00645,philips-breakfast,CATEGORY,SERVES_JOB,FOOD_JOB_0,USER_JOB,Behavioral,DIRECTED,LOW,INFERRED,,,,,,p1-5-behavior-extension-2026-08-27,LOW,,,2026-08-27,"AI_SUGGESTION (CANDIDATE) -- category-general reasoning, not evidence-derived. "
edge-00646,philips-breakfast,CATEGORY,SERVES_JOB,FOOD_JOB_1,USER_JOB,Behavioral,DIRECTED,LOW,INFERRED,,,,,,p1-5-behavior-extension-2026-08-27,LOW,,,2026-08-27,"AI_SUGGESTION (CANDIDATE) -- category-general reasoning, not evidence-derived. "
edge-00647,philips-breakfast,CATEGORY,SERVES_JOB,FOOD_JOB_2,USER_JOB,Behavioral,DIRECTED,LOW,INFERRED,,,,,,p1-5-behavior-extension-2026-08-27,LOW,,,2026-08-27,"AI_SUGGESTION (CANDIDATE) -- category-general reasoning, not evidence-derived. "
edge-00648,philips-breakfast,CATEGORY,SERVES_JOB,FOOD_JOB_3,USER_JOB,Behavioral,DIRECTED,LOW,INFERRED,,,,,,p1-5-behavior-extension-2026-08-27,LOW,,,2026-08-27,"AI_SUGGESTION (CANDIDATE) -- category-general reasoning, not evidence-derived. "
edge-00649,philips-breakfast,CATEGORY,SERVES_JOB,FOOD_JOB_4,USER_JOB,Behavioral,DIRECTED,LOW,INFERRED,,,,,,p1-5-behavior-extension-2026-08-27,LOW,,,2026-08-27,"AI_SUGGESTION (CANDIDATE) -- category-general reasoning, not evidence-derived. "
edge-00650,philips-breakfast,CATEGORY,ADDRESSES_NEED,FOOD_NEED_0,NEED,Behavioral,DIRECTED,LOW,INFERRED,,,,,,p1-5-behavior-extension-2026-08-27,LOW,,,2026-08-27,"AI_SUGGESTION (CANDIDATE) -- category-general reasoning, not evidence-derived. "
edge-00651,philips-breakfast,CATEGORY,ADDRESSES_NEED,FOOD_NEED_1,NEED,Behavioral,DIRECTED,LOW,INFERRED,,,,,,p1-5-behavior-extension-2026-08-27,LOW,,,2026-08-27,"AI_SUGGESTION (CANDIDATE) -- category-general reasoning, not evidence-derived. "
edge-00652,philips-breakfast,CATEGORY,ADDRESSES_NEED,FOOD_NEED_2,NEED,Behavioral,DIRECTED,LOW,INFERRED,,,,,,p1-5-behavior-extension-2026-08-27,LOW,,,2026-08-27,"AI_SUGGESTION (CANDIDATE) -- category-general reasoning, not evidence-derived. "
edge-00653,philips-breakfast,CATEGORY,ADDRESSES_NEED,FOOD_NEED_3,NEED,Behavioral,DIRECTED,LOW,INFERRED,,,,,,p1-5-behavior-extension-2026-08-27,LOW,,,2026-08-27,"AI_SUGGESTION (CANDIDATE) -- category-general reasoning, not evidence-derived. "
edge-00654,philips-breakfast,CATEGORY,ADDRESSES_NEED,FOOD_NEED_4,NEED,Behavioral,DIRECTED,LOW,INFERRED,,,,,,p1-5-behavior-extension-2026-08-27,LOW,,,2026-08-27,"AI_SUGGESTION (CANDIDATE) -- category-general reasoning, not evidence-derived. "
edge-00655,philips-breakfast,CATEGORY,USED_IN_CONTEXT,FOOD_CTX_0,CONTEXT,Behavioral,DIRECTED,LOW,INFERRED,,,,,,p1-5-behavior-extension-2026-08-27,LOW,,,2026-08-27,"AI_SUGGESTION (CANDIDATE) -- category-general reasoning, not evidence-derived. "
edge-00656,philips-breakfast,CATEGORY,USED_IN_CONTEXT,FOOD_CTX_1,CONTEXT,Behavioral,DIRECTED,LOW,INFERRED,,,,,,p1-5-behavior-extension-2026-08-27,LOW,,,2026-08-27,"AI_SUGGESTION (CANDIDATE) -- category-general reasoning, not evidence-derived. "
edge-00657,philips-breakfast,CATEGORY,USED_IN_CONTEXT,FOOD_CTX_2,CONTEXT,Behavioral,DIRECTED,LOW,INFERRED,,,,,,p1-5-behavior-extension-2026-08-27,LOW,,,2026-08-27,"AI_SUGGESTION (CANDIDATE) -- category-general reasoning, not evidence-derived. "
edge-00658,philips-breakfast,CATEGORY,USED_IN_CONTEXT,FOOD_CTX_3,CONTEXT,Behavioral,DIRECTED,LOW,INFERRED,,,,,,p1-5-behavior-extension-2026-08-27,LOW,,,2026-08-27,"AI_SUGGESTION (CANDIDATE) -- category-general reasoning, not evidence-derived. "
edge-00659,philips-breakfast,CATEGORY,USED_IN_CONTEXT,FOOD_CTX_4,CONTEXT,Behavioral,DIRECTED,LOW,INFERRED,,,,,,p1-5-behavior-extension-2026-08-27,LOW,,,2026-08-27,"AI_SUGGESTION (CANDIDATE) -- category-general reasoning, not evidence-derived. "
edge-00660,philips-breakfast,CATEGORY,TRIGGERED_BY,FOOD_TRIG_0,TRIGGER,Behavioral,DIRECTED,LOW,INFERRED,,,,,,p1-5-behavior-extension-2026-08-27,LOW,,,2026-08-27,"AI_SUGGESTION (CANDIDATE) -- category-general reasoning, not evidence-derived. "
edge-00661,philips-breakfast,CATEGORY,TRIGGERED_BY,FOOD_TRIG_1,TRIGGER,Behavioral,DIRECTED,LOW,INFERRED,,,,,,p1-5-behavior-extension-2026-08-27,LOW,,,2026-08-27,"AI_SUGGESTION (CANDIDATE) -- category-general reasoning, not evidence-derived. "
edge-00662,philips-breakfast,CATEGORY,TRIGGERED_BY,FOOD_TRIG_2,TRIGGER,Behavioral,DIRECTED,LOW,INFERRED,,,,,,p1-5-behavior-extension-2026-08-27,LOW,,,2026-08-27,"AI_SUGGESTION (CANDIDATE) -- category-general reasoning, not evidence-derived. "
edge-00663,philips-breakfast,CATEGORY,TRIGGERED_BY,FOOD_TRIG_3,TRIGGER,Behavioral,DIRECTED,LOW,INFERRED,,,,,,p1-5-behavior-extension-2026-08-27,LOW,,,2026-08-27,"AI_SUGGESTION (CANDIDATE) -- category-general reasoning, not evidence-derived. "
edge-00664,philips-breakfast,CATEGORY,ENABLES_BEHAVIOR,FOOD_BEH_0,BEHAVIOR,Behavioral,DIRECTED,LOW,INFERRED,,,,,,p1-5-behavior-extension-2026-08-27,LOW,,,2026-08-27,"AI_SUGGESTION (CANDIDATE) -- category-general reasoning, not evidence-derived. "
edge-00665,philips-breakfast,CATEGORY,ENABLES_BEHAVIOR,FOOD_BEH_1,BEHAVIOR,Behavioral,DIRECTED,LOW,INFERRED,,,,,,p1-5-behavior-extension-2026-08-27,LOW,,,2026-08-27,"AI_SUGGESTION (CANDIDATE) -- category-general reasoning, not evidence-derived. "
edge-00666,philips-breakfast,CATEGORY,ENABLES_BEHAVIOR,FOOD_BEH_2,BEHAVIOR,Behavioral,DIRECTED,LOW,INFERRED,,,,,,p1-5-behavior-extension-2026-08-27,LOW,,,2026-08-27,"AI_SUGGESTION (CANDIDATE) -- category-general reasoning, not evidence-derived. "
edge-00667,philips-breakfast,CATEGORY,ENABLES_BEHAVIOR,FOOD_BEH_3,BEHAVIOR,Behavioral,DIRECTED,LOW,INFERRED,,,,,,p1-5-behavior-extension-2026-08-27,LOW,,,2026-08-27,"AI_SUGGESTION (CANDIDATE) -- category-general reasoning, not evidence-derived. "
edge-00668,philips-breakfast,CATEGORY,ENABLES_BEHAVIOR,FOOD_BEH_4,BEHAVIOR,Behavioral,DIRECTED,LOW,INFERRED,,,,,,p1-5-behavior-extension-2026-08-27,LOW,,,2026-08-27,"AI_SUGGESTION (CANDIDATE) -- category-general reasoning, not evidence-derived. "
edge-00669,philips-breakfast,CATEGORY,CREATES_FRICTION,FOOD_FRIC_0,FRICTION,Behavioral,DIRECTED,LOW,INFERRED,,,,,,p1-5-behavior-extension-2026-08-27,LOW,,,2026-08-27,"AI_SUGGESTION (CANDIDATE) -- category-general reasoning, not evidence-derived. "
edge-00670,philips-breakfast,CATEGORY,CREATES_FRICTION,FOOD_FRIC_1,FRICTION,Behavioral,DIRECTED,LOW,INFERRED,,,,,,p1-5-behavior-extension-2026-08-27,LOW,,,2026-08-27,"AI_SUGGESTION (CANDIDATE) -- category-general reasoning, not evidence-derived. "
edge-00671,philips-breakfast,CATEGORY,CREATES_FRICTION,FOOD_FRIC_2,FRICTION,Behavioral,DIRECTED,LOW,INFERRED,,,,,,p1-5-behavior-extension-2026-08-27,LOW,,,2026-08-27,"AI_SUGGESTION (CANDIDATE) -- category-general reasoning, not evidence-derived. "
edge-00672,philips-breakfast,CATEGORY,CREATES_FRICTION,FOOD_FRIC_3,FRICTION,Behavioral,DIRECTED,LOW,INFERRED,,,,,,p1-5-behavior-extension-2026-08-27,LOW,,,2026-08-27,"AI_SUGGESTION (CANDIDATE) -- category-general reasoning, not evidence-derived. "
edge-00673,philips-breakfast,CATEGORY,CREATES_FRICTION,FOOD_FRIC_4,FRICTION,Behavioral,DIRECTED,LOW,INFERRED,,,,,,p1-5-behavior-extension-2026-08-27,LOW,,,2026-08-27,"AI_SUGGESTION (CANDIDATE) -- category-general reasoning, not evidence-derived. "
edge-00674,philips-breakfast,CATEGORY,ASSOCIATED_WITH_OUTCOME,FOOD_OUT_0,OUTCOME,Behavioral,DIRECTED,LOW,INFERRED,,,,,,p1-5-behavior-extension-2026-08-27,LOW,,,2026-08-27,"AI_SUGGESTION (CANDIDATE) -- category-general reasoning, not evidence-derived. "
edge-00675,philips-breakfast,CATEGORY,ASSOCIATED_WITH_OUTCOME,FOOD_OUT_1,OUTCOME,Behavioral,DIRECTED,LOW,INFERRED,,,,,,p1-5-behavior-extension-2026-08-27,LOW,,,2026-08-27,"AI_SUGGESTION (CANDIDATE) -- category-general reasoning, not evidence-derived. "
edge-00676,philips-breakfast,CATEGORY,ASSOCIATED_WITH_OUTCOME,FOOD_OUT_2,OUTCOME,Behavioral,DIRECTED,LOW,INFERRED,,,,,,p1-5-behavior-extension-2026-08-27,LOW,,,2026-08-27,"AI_SUGGESTION (CANDIDATE) -- category-general reasoning, not evidence-derived. "
edge-00677,philips-breakfast,CATEGORY,ASSOCIATED_WITH_OUTCOME,FOOD_OUT_3,OUTCOME,Behavioral,DIRECTED,LOW,INFERRED,,,,,,p1-5-behavior-extension-2026-08-27,LOW,,,2026-08-27,"AI_SUGGESTION (CANDIDATE) -- category-general reasoning, not evidence-derived. "
edge-00678,preethi-mixer-grinders,CATEGORY,SERVES_JOB,FOOD_JOB_0,USER_JOB,Behavioral,DIRECTED,LOW,INFERRED,,,,,,p1-5-behavior-extension-2026-08-27,LOW,,,2026-08-27,"AI_SUGGESTION (CANDIDATE) -- category-general reasoning, not evidence-derived. "
edge-00679,preethi-mixer-grinders,CATEGORY,SERVES_JOB,FOOD_JOB_1,USER_JOB,Behavioral,DIRECTED,LOW,INFERRED,,,,,,p1-5-behavior-extension-2026-08-27,LOW,,,2026-08-27,"AI_SUGGESTION (CANDIDATE) -- category-general reasoning, not evidence-derived. "
edge-00680,preethi-mixer-grinders,CATEGORY,SERVES_JOB,FOOD_JOB_2,USER_JOB,Behavioral,DIRECTED,LOW,INFERRED,,,,,,p1-5-behavior-extension-2026-08-27,LOW,,,2026-08-27,"AI_SUGGESTION (CANDIDATE) -- category-general reasoning, not evidence-derived. "
edge-00681,preethi-mixer-grinders,CATEGORY,SERVES_JOB,FOOD_JOB_3,USER_JOB,Behavioral,DIRECTED,LOW,INFERRED,,,,,,p1-5-behavior-extension-2026-08-27,LOW,,,2026-08-27,"AI_SUGGESTION (CANDIDATE) -- category-general reasoning, not evidence-derived. "
edge-00682,preethi-mixer-grinders,CATEGORY,SERVES_JOB,FOOD_JOB_4,USER_JOB,Behavioral,DIRECTED,LOW,INFERRED,,,,,,p1-5-behavior-extension-2026-08-27,LOW,,,2026-08-27,"AI_SUGGESTION (CANDIDATE) -- category-general reasoning, not evidence-derived. "
edge-00683,preethi-mixer-grinders,CATEGORY,ADDRESSES_NEED,FOOD_NEED_0,NEED,Behavioral,DIRECTED,LOW,INFERRED,,,,,,p1-5-behavior-extension-2026-08-27,LOW,,,2026-08-27,"AI_SUGGESTION (CANDIDATE) -- category-general reasoning, not evidence-derived. "
edge-00684,preethi-mixer-grinders,CATEGORY,ADDRESSES_NEED,FOOD_NEED_1,NEED,Behavioral,DIRECTED,LOW,INFERRED,,,,,,p1-5-behavior-extension-2026-08-27,LOW,,,2026-08-27,"AI_SUGGESTION (CANDIDATE) -- category-general reasoning, not evidence-derived. "
edge-00685,preethi-mixer-grinders,CATEGORY,ADDRESSES_NEED,FOOD_NEED_2,NEED,Behavioral,DIRECTED,LOW,INFERRED,,,,,,p1-5-behavior-extension-2026-08-27,LOW,,,2026-08-27,"AI_SUGGESTION (CANDIDATE) -- category-general reasoning, not evidence-derived. "
edge-00686,preethi-mixer-grinders,CATEGORY,ADDRESSES_NEED,FOOD_NEED_3,NEED,Behavioral,DIRECTED,LOW,INFERRED,,,,,,p1-5-behavior-extension-2026-08-27,LOW,,,2026-08-27,"AI_SUGGESTION (CANDIDATE) -- category-general reasoning, not evidence-derived. "
edge-00687,preethi-mixer-grinders,CATEGORY,ADDRESSES_NEED,FOOD_NEED_4,NEED,Behavioral,DIRECTED,LOW,INFERRED,,,,,,p1-5-behavior-extension-2026-08-27,LOW,,,2026-08-27,"AI_SUGGESTION (CANDIDATE) -- category-general reasoning, not evidence-derived. "
edge-00688,preethi-mixer-grinders,CATEGORY,USED_IN_CONTEXT,FOOD_CTX_0,CONTEXT,Behavioral,DIRECTED,LOW,INFERRED,,,,,,p1-5-behavior-extension-2026-08-27,LOW,,,2026-08-27,"AI_SUGGESTION (CANDIDATE) -- category-general reasoning, not evidence-derived. "
edge-00689,preethi-mixer-grinders,CATEGORY,USED_IN_CONTEXT,FOOD_CTX_1,CONTEXT,Behavioral,DIRECTED,LOW,INFERRED,,,,,,p1-5-behavior-extension-2026-08-27,LOW,,,2026-08-27,"AI_SUGGESTION (CANDIDATE) -- category-general reasoning, not evidence-derived. "
edge-00690,preethi-mixer-grinders,CATEGORY,USED_IN_CONTEXT,FOOD_CTX_2,CONTEXT,Behavioral,DIRECTED,LOW,INFERRED,,,,,,p1-5-behavior-extension-2026-08-27,LOW,,,2026-08-27,"AI_SUGGESTION (CANDIDATE) -- category-general reasoning, not evidence-derived. "
edge-00691,preethi-mixer-grinders,CATEGORY,USED_IN_CONTEXT,FOOD_CTX_3,CONTEXT,Behavioral,DIRECTED,LOW,INFERRED,,,,,,p1-5-behavior-extension-2026-08-27,LOW,,,2026-08-27,"AI_SUGGESTION (CANDIDATE) -- category-general reasoning, not evidence-derived. "
edge-00692,preethi-mixer-grinders,CATEGORY,USED_IN_CONTEXT,FOOD_CTX_4,CONTEXT,Behavioral,DIRECTED,LOW,INFERRED,,,,,,p1-5-behavior-extension-2026-08-27,LOW,,,2026-08-27,"AI_SUGGESTION (CANDIDATE) -- category-general reasoning, not evidence-derived. "
edge-00693,preethi-mixer-grinders,CATEGORY,TRIGGERED_BY,FOOD_TRIG_0,TRIGGER,Behavioral,DIRECTED,LOW,INFERRED,,,,,,p1-5-behavior-extension-2026-08-27,LOW,,,2026-08-27,"AI_SUGGESTION (CANDIDATE) -- category-general reasoning, not evidence-derived. "
edge-00694,preethi-mixer-grinders,CATEGORY,TRIGGERED_BY,FOOD_TRIG_1,TRIGGER,Behavioral,DIRECTED,LOW,INFERRED,,,,,,p1-5-behavior-extension-2026-08-27,LOW,,,2026-08-27,"AI_SUGGESTION (CANDIDATE) -- category-general reasoning, not evidence-derived. "
edge-00695,preethi-mixer-grinders,CATEGORY,TRIGGERED_BY,FOOD_TRIG_2,TRIGGER,Behavioral,DIRECTED,LOW,INFERRED,,,,,,p1-5-behavior-extension-2026-08-27,LOW,,,2026-08-27,"AI_SUGGESTION (CANDIDATE) -- category-general reasoning, not evidence-derived. "
edge-00696,preethi-mixer-grinders,CATEGORY,TRIGGERED_BY,FOOD_TRIG_3,TRIGGER,Behavioral,DIRECTED,LOW,INFERRED,,,,,,p1-5-behavior-extension-2026-08-27,LOW,,,2026-08-27,"AI_SUGGESTION (CANDIDATE) -- category-general reasoning, not evidence-derived. "
edge-00697,preethi-mixer-grinders,CATEGORY,ENABLES_BEHAVIOR,FOOD_BEH_0,BEHAVIOR,Behavioral,DIRECTED,LOW,INFERRED,,,,,,p1-5-behavior-extension-2026-08-27,LOW,,,2026-08-27,"AI_SUGGESTION (CANDIDATE) -- category-general reasoning, not evidence-derived. "
edge-00698,preethi-mixer-grinders,CATEGORY,ENABLES_BEHAVIOR,FOOD_BEH_1,BEHAVIOR,Behavioral,DIRECTED,LOW,INFERRED,,,,,,p1-5-behavior-extension-2026-08-27,LOW,,,2026-08-27,"AI_SUGGESTION (CANDIDATE) -- category-general reasoning, not evidence-derived. "
edge-00699,preethi-mixer-grinders,CATEGORY,ENABLES_BEHAVIOR,FOOD_BEH_2,BEHAVIOR,Behavioral,DIRECTED,LOW,INFERRED,,,,,,p1-5-behavior-extension-2026-08-27,LOW,,,2026-08-27,"AI_SUGGESTION (CANDIDATE) -- category-general reasoning, not evidence-derived. "
edge-00700,preethi-mixer-grinders,CATEGORY,ENABLES_BEHAVIOR,FOOD_BEH_3,BEHAVIOR,Behavioral,DIRECTED,LOW,INFERRED,,,,,,p1-5-behavior-extension-2026-08-27,LOW,,,2026-08-27,"AI_SUGGESTION (CANDIDATE) -- category-general reasoning, not evidence-derived. "
edge-00701,preethi-mixer-grinders,CATEGORY,ENABLES_BEHAVIOR,FOOD_BEH_4,BEHAVIOR,Behavioral,DIRECTED,LOW,INFERRED,,,,,,p1-5-behavior-extension-2026-08-27,LOW,,,2026-08-27,"AI_SUGGESTION (CANDIDATE) -- category-general reasoning, not evidence-derived. "
edge-00702,preethi-mixer-grinders,CATEGORY,CREATES_FRICTION,FOOD_FRIC_0,FRICTION,Behavioral,DIRECTED,LOW,INFERRED,,,,,,p1-5-behavior-extension-2026-08-27,LOW,,,2026-08-27,"AI_SUGGESTION (CANDIDATE) -- category-general reasoning, not evidence-derived. "
edge-00703,preethi-mixer-grinders,CATEGORY,CREATES_FRICTION,FOOD_FRIC_1,FRICTION,Behavioral,DIRECTED,LOW,INFERRED,,,,,,p1-5-behavior-extension-2026-08-27,LOW,,,2026-08-27,"AI_SUGGESTION (CANDIDATE) -- category-general reasoning, not evidence-derived. "
edge-00704,preethi-mixer-grinders,CATEGORY,CREATES_FRICTION,FOOD_FRIC_2,FRICTION,Behavioral,DIRECTED,LOW,INFERRED,,,,,,p1-5-behavior-extension-2026-08-27,LOW,,,2026-08-27,"AI_SUGGESTION (CANDIDATE) -- category-general reasoning, not evidence-derived. "
edge-00705,preethi-mixer-grinders,CATEGORY,CREATES_FRICTION,FOOD_FRIC_3,FRICTION,Behavioral,DIRECTED,LOW,INFERRED,,,,,,p1-5-behavior-extension-2026-08-27,LOW,,,2026-08-27,"AI_SUGGESTION (CANDIDATE) -- category-general reasoning, not evidence-derived. "
edge-00706,preethi-mixer-grinders,CATEGORY,CREATES_FRICTION,FOOD_FRIC_4,FRICTION,Behavioral,DIRECTED,LOW,INFERRED,,,,,,p1-5-behavior-extension-2026-08-27,LOW,,,2026-08-27,"AI_SUGGESTION (CANDIDATE) -- category-general reasoning, not evidence-derived. "
edge-00707,preethi-mixer-grinders,CATEGORY,ASSOCIATED_WITH_OUTCOME,FOOD_OUT_0,OUTCOME,Behavioral,DIRECTED,LOW,INFERRED,,,,,,p1-5-behavior-extension-2026-08-27,LOW,,,2026-08-27,"AI_SUGGESTION (CANDIDATE) -- category-general reasoning, not evidence-derived. "
edge-00708,preethi-mixer-grinders,CATEGORY,ASSOCIATED_WITH_OUTCOME,FOOD_OUT_1,OUTCOME,Behavioral,DIRECTED,LOW,INFERRED,,,,,,p1-5-behavior-extension-2026-08-27,LOW,,,2026-08-27,"AI_SUGGESTION (CANDIDATE) -- category-general reasoning, not evidence-derived. "
edge-00709,preethi-mixer-grinders,CATEGORY,ASSOCIATED_WITH_OUTCOME,FOOD_OUT_2,OUTCOME,Behavioral,DIRECTED,LOW,INFERRED,,,,,,p1-5-behavior-extension-2026-08-27,LOW,,,2026-08-27,"AI_SUGGESTION (CANDIDATE) -- category-general reasoning, not evidence-derived. "
edge-00710,preethi-mixer-grinders,CATEGORY,ASSOCIATED_WITH_OUTCOME,FOOD_OUT_3,OUTCOME,Behavioral,DIRECTED,LOW,INFERRED,,,,,,p1-5-behavior-extension-2026-08-27,LOW,,,2026-08-27,"AI_SUGGESTION (CANDIDATE) -- category-general reasoning, not evidence-derived. "
edge-00711,preethi-gas-stoves,CATEGORY,SERVES_JOB,FOOD_JOB_0,USER_JOB,Behavioral,DIRECTED,LOW,INFERRED,,,,,,p1-5-behavior-extension-2026-08-27,LOW,,,2026-08-27,"AI_SUGGESTION (CANDIDATE) -- category-general reasoning, not evidence-derived. "
edge-00712,preethi-gas-stoves,CATEGORY,SERVES_JOB,FOOD_JOB_1,USER_JOB,Behavioral,DIRECTED,LOW,INFERRED,,,,,,p1-5-behavior-extension-2026-08-27,LOW,,,2026-08-27,"AI_SUGGESTION (CANDIDATE) -- category-general reasoning, not evidence-derived. "
edge-00713,preethi-gas-stoves,CATEGORY,SERVES_JOB,FOOD_JOB_2,USER_JOB,Behavioral,DIRECTED,LOW,INFERRED,,,,,,p1-5-behavior-extension-2026-08-27,LOW,,,2026-08-27,"AI_SUGGESTION (CANDIDATE) -- category-general reasoning, not evidence-derived. "
edge-00714,preethi-gas-stoves,CATEGORY,SERVES_JOB,FOOD_JOB_3,USER_JOB,Behavioral,DIRECTED,LOW,INFERRED,,,,,,p1-5-behavior-extension-2026-08-27,LOW,,,2026-08-27,"AI_SUGGESTION (CANDIDATE) -- category-general reasoning, not evidence-derived. "
edge-00715,preethi-gas-stoves,CATEGORY,SERVES_JOB,FOOD_JOB_4,USER_JOB,Behavioral,DIRECTED,LOW,INFERRED,,,,,,p1-5-behavior-extension-2026-08-27,LOW,,,2026-08-27,"AI_SUGGESTION (CANDIDATE) -- category-general reasoning, not evidence-derived. "
edge-00716,preethi-gas-stoves,CATEGORY,ADDRESSES_NEED,FOOD_NEED_0,NEED,Behavioral,DIRECTED,LOW,INFERRED,,,,,,p1-5-behavior-extension-2026-08-27,LOW,,,2026-08-27,"AI_SUGGESTION (CANDIDATE) -- category-general reasoning, not evidence-derived. "
edge-00717,preethi-gas-stoves,CATEGORY,ADDRESSES_NEED,FOOD_NEED_1,NEED,Behavioral,DIRECTED,LOW,INFERRED,,,,,,p1-5-behavior-extension-2026-08-27,LOW,,,2026-08-27,"AI_SUGGESTION (CANDIDATE) -- category-general reasoning, not evidence-derived. "
edge-00718,preethi-gas-stoves,CATEGORY,ADDRESSES_NEED,FOOD_NEED_2,NEED,Behavioral,DIRECTED,LOW,INFERRED,,,,,,p1-5-behavior-extension-2026-08-27,LOW,,,2026-08-27,"AI_SUGGESTION (CANDIDATE) -- category-general reasoning, not evidence-derived. "
edge-00719,preethi-gas-stoves,CATEGORY,ADDRESSES_NEED,FOOD_NEED_3,NEED,Behavioral,DIRECTED,LOW,INFERRED,,,,,,p1-5-behavior-extension-2026-08-27,LOW,,,2026-08-27,"AI_SUGGESTION (CANDIDATE) -- category-general reasoning, not evidence-derived. "
edge-00720,preethi-gas-stoves,CATEGORY,ADDRESSES_NEED,FOOD_NEED_4,NEED,Behavioral,DIRECTED,LOW,INFERRED,,,,,,p1-5-behavior-extension-2026-08-27,LOW,,,2026-08-27,"AI_SUGGESTION (CANDIDATE) -- category-general reasoning, not evidence-derived. "
edge-00721,preethi-gas-stoves,CATEGORY,USED_IN_CONTEXT,FOOD_CTX_0,CONTEXT,Behavioral,DIRECTED,LOW,INFERRED,,,,,,p1-5-behavior-extension-2026-08-27,LOW,,,2026-08-27,"AI_SUGGESTION (CANDIDATE) -- category-general reasoning, not evidence-derived. "
edge-00722,preethi-gas-stoves,CATEGORY,USED_IN_CONTEXT,FOOD_CTX_1,CONTEXT,Behavioral,DIRECTED,LOW,INFERRED,,,,,,p1-5-behavior-extension-2026-08-27,LOW,,,2026-08-27,"AI_SUGGESTION (CANDIDATE) -- category-general reasoning, not evidence-derived. "
edge-00723,preethi-gas-stoves,CATEGORY,USED_IN_CONTEXT,FOOD_CTX_2,CONTEXT,Behavioral,DIRECTED,LOW,INFERRED,,,,,,p1-5-behavior-extension-2026-08-27,LOW,,,2026-08-27,"AI_SUGGESTION (CANDIDATE) -- category-general reasoning, not evidence-derived. "
edge-00724,preethi-gas-stoves,CATEGORY,USED_IN_CONTEXT,FOOD_CTX_3,CONTEXT,Behavioral,DIRECTED,LOW,INFERRED,,,,,,p1-5-behavior-extension-2026-08-27,LOW,,,2026-08-27,"AI_SUGGESTION (CANDIDATE) -- category-general reasoning, not evidence-derived. "
edge-00725,preethi-gas-stoves,CATEGORY,USED_IN_CONTEXT,FOOD_CTX_4,CONTEXT,Behavioral,DIRECTED,LOW,INFERRED,,,,,,p1-5-behavior-extension-2026-08-27,LOW,,,2026-08-27,"AI_SUGGESTION (CANDIDATE) -- category-general reasoning, not evidence-derived. "
edge-00726,preethi-gas-stoves,CATEGORY,TRIGGERED_BY,FOOD_TRIG_0,TRIGGER,Behavioral,DIRECTED,LOW,INFERRED,,,,,,p1-5-behavior-extension-2026-08-27,LOW,,,2026-08-27,"AI_SUGGESTION (CANDIDATE) -- category-general reasoning, not evidence-derived. "
edge-00727,preethi-gas-stoves,CATEGORY,TRIGGERED_BY,FOOD_TRIG_1,TRIGGER,Behavioral,DIRECTED,LOW,INFERRED,,,,,,p1-5-behavior-extension-2026-08-27,LOW,,,2026-08-27,"AI_SUGGESTION (CANDIDATE) -- category-general reasoning, not evidence-derived. "
edge-00728,preethi-gas-stoves,CATEGORY,TRIGGERED_BY,FOOD_TRIG_2,TRIGGER,Behavioral,DIRECTED,LOW,INFERRED,,,,,,p1-5-behavior-extension-2026-08-27,LOW,,,2026-08-27,"AI_SUGGESTION (CANDIDATE) -- category-general reasoning, not evidence-derived. "
edge-00729,preethi-gas-stoves,CATEGORY,TRIGGERED_BY,FOOD_TRIG_3,TRIGGER,Behavioral,DIRECTED,LOW,INFERRED,,,,,,p1-5-behavior-extension-2026-08-27,LOW,,,2026-08-27,"AI_SUGGESTION (CANDIDATE) -- category-general reasoning, not evidence-derived. "
edge-00730,preethi-gas-stoves,CATEGORY,ENABLES_BEHAVIOR,FOOD_BEH_0,BEHAVIOR,Behavioral,DIRECTED,LOW,INFERRED,,,,,,p1-5-behavior-extension-2026-08-27,LOW,,,2026-08-27,"AI_SUGGESTION (CANDIDATE) -- category-general reasoning, not evidence-derived. "
edge-00731,preethi-gas-stoves,CATEGORY,ENABLES_BEHAVIOR,FOOD_BEH_1,BEHAVIOR,Behavioral,DIRECTED,LOW,INFERRED,,,,,,p1-5-behavior-extension-2026-08-27,LOW,,,2026-08-27,"AI_SUGGESTION (CANDIDATE) -- category-general reasoning, not evidence-derived. "
edge-00732,preethi-gas-stoves,CATEGORY,ENABLES_BEHAVIOR,FOOD_BEH_2,BEHAVIOR,Behavioral,DIRECTED,LOW,INFERRED,,,,,,p1-5-behavior-extension-2026-08-27,LOW,,,2026-08-27,"AI_SUGGESTION (CANDIDATE) -- category-general reasoning, not evidence-derived. "
edge-00733,preethi-gas-stoves,CATEGORY,ENABLES_BEHAVIOR,FOOD_BEH_3,BEHAVIOR,Behavioral,DIRECTED,LOW,INFERRED,,,,,,p1-5-behavior-extension-2026-08-27,LOW,,,2026-08-27,"AI_SUGGESTION (CANDIDATE) -- category-general reasoning, not evidence-derived. "
edge-00734,preethi-gas-stoves,CATEGORY,ENABLES_BEHAVIOR,FOOD_BEH_4,BEHAVIOR,Behavioral,DIRECTED,LOW,INFERRED,,,,,,p1-5-behavior-extension-2026-08-27,LOW,,,2026-08-27,"AI_SUGGESTION (CANDIDATE) -- category-general reasoning, not evidence-derived. "
edge-00735,preethi-gas-stoves,CATEGORY,CREATES_FRICTION,FOOD_FRIC_0,FRICTION,Behavioral,DIRECTED,LOW,INFERRED,,,,,,p1-5-behavior-extension-2026-08-27,LOW,,,2026-08-27,"AI_SUGGESTION (CANDIDATE) -- category-general reasoning, not evidence-derived. "
edge-00736,preethi-gas-stoves,CATEGORY,CREATES_FRICTION,FOOD_FRIC_1,FRICTION,Behavioral,DIRECTED,LOW,INFERRED,,,,,,p1-5-behavior-extension-2026-08-27,LOW,,,2026-08-27,"AI_SUGGESTION (CANDIDATE) -- category-general reasoning, not evidence-derived. "
edge-00737,preethi-gas-stoves,CATEGORY,CREATES_FRICTION,FOOD_FRIC_2,FRICTION,Behavioral,DIRECTED,LOW,INFERRED,,,,,,p1-5-behavior-extension-2026-08-27,LOW,,,2026-08-27,"AI_SUGGESTION (CANDIDATE) -- category-general reasoning, not evidence-derived. "
edge-00738,preethi-gas-stoves,CATEGORY,CREATES_FRICTION,FOOD_FRIC_3,FRICTION,Behavioral,DIRECTED,LOW,INFERRED,,,,,,p1-5-behavior-extension-2026-08-27,LOW,,,2026-08-27,"AI_SUGGESTION (CANDIDATE) -- category-general reasoning, not evidence-derived. "
edge-00739,preethi-gas-stoves,CATEGORY,CREATES_FRICTION,FOOD_FRIC_4,FRICTION,Behavioral,DIRECTED,LOW,INFERRED,,,,,,p1-5-behavior-extension-2026-08-27,LOW,,,2026-08-27,"AI_SUGGESTION (CANDIDATE) -- category-general reasoning, not evidence-derived. "
edge-00740,preethi-gas-stoves,CATEGORY,ASSOCIATED_WITH_OUTCOME,FOOD_OUT_0,OUTCOME,Behavioral,DIRECTED,LOW,INFERRED,,,,,,p1-5-behavior-extension-2026-08-27,LOW,,,2026-08-27,"AI_SUGGESTION (CANDIDATE) -- category-general reasoning, not evidence-derived. "
edge-00741,preethi-gas-stoves,CATEGORY,ASSOCIATED_WITH_OUTCOME,FOOD_OUT_1,OUTCOME,Behavioral,DIRECTED,LOW,INFERRED,,,,,,p1-5-behavior-extension-2026-08-27,LOW,,,2026-08-27,"AI_SUGGESTION (CANDIDATE) -- category-general reasoning, not evidence-derived. "
edge-00742,preethi-gas-stoves,CATEGORY,ASSOCIATED_WITH_OUTCOME,FOOD_OUT_2,OUTCOME,Behavioral,DIRECTED,LOW,INFERRED,,,,,,p1-5-behavior-extension-2026-08-27,LOW,,,2026-08-27,"AI_SUGGESTION (CANDIDATE) -- category-general reasoning, not evidence-derived. "
edge-00743,preethi-gas-stoves,CATEGORY,ASSOCIATED_WITH_OUTCOME,FOOD_OUT_3,OUTCOME,Behavioral,DIRECTED,LOW,INFERRED,,,,,,p1-5-behavior-extension-2026-08-27,LOW,,,2026-08-27,"AI_SUGGESTION (CANDIDATE) -- category-general reasoning, not evidence-derived. "
edge-00744,preethi-induction-cooktops,CATEGORY,SERVES_JOB,FOOD_JOB_0,USER_JOB,Behavioral,DIRECTED,LOW,INFERRED,,,,,,p1-5-behavior-extension-2026-08-27,LOW,,,2026-08-27,"AI_SUGGESTION (CANDIDATE) -- category-general reasoning, not evidence-derived. "
edge-00745,preethi-induction-cooktops,CATEGORY,SERVES_JOB,FOOD_JOB_1,USER_JOB,Behavioral,DIRECTED,LOW,INFERRED,,,,,,p1-5-behavior-extension-2026-08-27,LOW,,,2026-08-27,"AI_SUGGESTION (CANDIDATE) -- category-general reasoning, not evidence-derived. "
edge-00746,preethi-induction-cooktops,CATEGORY,SERVES_JOB,FOOD_JOB_2,USER_JOB,Behavioral,DIRECTED,LOW,INFERRED,,,,,,p1-5-behavior-extension-2026-08-27,LOW,,,2026-08-27,"AI_SUGGESTION (CANDIDATE) -- category-general reasoning, not evidence-derived. "
edge-00747,preethi-induction-cooktops,CATEGORY,SERVES_JOB,FOOD_JOB_3,USER_JOB,Behavioral,DIRECTED,LOW,INFERRED,,,,,,p1-5-behavior-extension-2026-08-27,LOW,,,2026-08-27,"AI_SUGGESTION (CANDIDATE) -- category-general reasoning, not evidence-derived. "
edge-00748,preethi-induction-cooktops,CATEGORY,SERVES_JOB,FOOD_JOB_4,USER_JOB,Behavioral,DIRECTED,LOW,INFERRED,,,,,,p1-5-behavior-extension-2026-08-27,LOW,,,2026-08-27,"AI_SUGGESTION (CANDIDATE) -- category-general reasoning, not evidence-derived. "
edge-00749,preethi-induction-cooktops,CATEGORY,ADDRESSES_NEED,FOOD_NEED_0,NEED,Behavioral,DIRECTED,LOW,INFERRED,,,,,,p1-5-behavior-extension-2026-08-27,LOW,,,2026-08-27,"AI_SUGGESTION (CANDIDATE) -- category-general reasoning, not evidence-derived. "
edge-00750,preethi-induction-cooktops,CATEGORY,ADDRESSES_NEED,FOOD_NEED_1,NEED,Behavioral,DIRECTED,LOW,INFERRED,,,,,,p1-5-behavior-extension-2026-08-27,LOW,,,2026-08-27,"AI_SUGGESTION (CANDIDATE) -- category-general reasoning, not evidence-derived. "
edge-00751,preethi-induction-cooktops,CATEGORY,ADDRESSES_NEED,FOOD_NEED_2,NEED,Behavioral,DIRECTED,LOW,INFERRED,,,,,,p1-5-behavior-extension-2026-08-27,LOW,,,2026-08-27,"AI_SUGGESTION (CANDIDATE) -- category-general reasoning, not evidence-derived. "
edge-00752,preethi-induction-cooktops,CATEGORY,ADDRESSES_NEED,FOOD_NEED_3,NEED,Behavioral,DIRECTED,LOW,INFERRED,,,,,,p1-5-behavior-extension-2026-08-27,LOW,,,2026-08-27,"AI_SUGGESTION (CANDIDATE) -- category-general reasoning, not evidence-derived. "
edge-00753,preethi-induction-cooktops,CATEGORY,ADDRESSES_NEED,FOOD_NEED_4,NEED,Behavioral,DIRECTED,LOW,INFERRED,,,,,,p1-5-behavior-extension-2026-08-27,LOW,,,2026-08-27,"AI_SUGGESTION (CANDIDATE) -- category-general reasoning, not evidence-derived. "
edge-00754,preethi-induction-cooktops,CATEGORY,USED_IN_CONTEXT,FOOD_CTX_0,CONTEXT,Behavioral,DIRECTED,LOW,INFERRED,,,,,,p1-5-behavior-extension-2026-08-27,LOW,,,2026-08-27,"AI_SUGGESTION (CANDIDATE) -- category-general reasoning, not evidence-derived. "
edge-00755,preethi-induction-cooktops,CATEGORY,USED_IN_CONTEXT,FOOD_CTX_1,CONTEXT,Behavioral,DIRECTED,LOW,INFERRED,,,,,,p1-5-behavior-extension-2026-08-27,LOW,,,2026-08-27,"AI_SUGGESTION (CANDIDATE) -- category-general reasoning, not evidence-derived. "
edge-00756,preethi-induction-cooktops,CATEGORY,USED_IN_CONTEXT,FOOD_CTX_2,CONTEXT,Behavioral,DIRECTED,LOW,INFERRED,,,,,,p1-5-behavior-extension-2026-08-27,LOW,,,2026-08-27,"AI_SUGGESTION (CANDIDATE) -- category-general reasoning, not evidence-derived. "
edge-00757,preethi-induction-cooktops,CATEGORY,USED_IN_CONTEXT,FOOD_CTX_3,CONTEXT,Behavioral,DIRECTED,LOW,INFERRED,,,,,,p1-5-behavior-extension-2026-08-27,LOW,,,2026-08-27,"AI_SUGGESTION (CANDIDATE) -- category-general reasoning, not evidence-derived. "
edge-00758,preethi-induction-cooktops,CATEGORY,USED_IN_CONTEXT,FOOD_CTX_4,CONTEXT,Behavioral,DIRECTED,LOW,INFERRED,,,,,,p1-5-behavior-extension-2026-08-27,LOW,,,2026-08-27,"AI_SUGGESTION (CANDIDATE) -- category-general reasoning, not evidence-derived. "
edge-00759,preethi-induction-cooktops,CATEGORY,TRIGGERED_BY,FOOD_TRIG_0,TRIGGER,Behavioral,DIRECTED,LOW,INFERRED,,,,,,p1-5-behavior-extension-2026-08-27,LOW,,,2026-08-27,"AI_SUGGESTION (CANDIDATE) -- category-general reasoning, not evidence-derived. "
edge-00760,preethi-induction-cooktops,CATEGORY,TRIGGERED_BY,FOOD_TRIG_1,TRIGGER,Behavioral,DIRECTED,LOW,INFERRED,,,,,,p1-5-behavior-extension-2026-08-27,LOW,,,2026-08-27,"AI_SUGGESTION (CANDIDATE) -- category-general reasoning, not evidence-derived. "
edge-00761,preethi-induction-cooktops,CATEGORY,TRIGGERED_BY,FOOD_TRIG_2,TRIGGER,Behavioral,DIRECTED,LOW,INFERRED,,,,,,p1-5-behavior-extension-2026-08-27,LOW,,,2026-08-27,"AI_SUGGESTION (CANDIDATE) -- category-general reasoning, not evidence-derived. "
edge-00762,preethi-induction-cooktops,CATEGORY,TRIGGERED_BY,FOOD_TRIG_3,TRIGGER,Behavioral,DIRECTED,LOW,INFERRED,,,,,,p1-5-behavior-extension-2026-08-27,LOW,,,2026-08-27,"AI_SUGGESTION (CANDIDATE) -- category-general reasoning, not evidence-derived. "
edge-00763,preethi-induction-cooktops,CATEGORY,ENABLES_BEHAVIOR,FOOD_BEH_0,BEHAVIOR,Behavioral,DIRECTED,LOW,INFERRED,,,,,,p1-5-behavior-extension-2026-08-27,LOW,,,2026-08-27,"AI_SUGGESTION (CANDIDATE) -- category-general reasoning, not evidence-derived. "
edge-00764,preethi-induction-cooktops,CATEGORY,ENABLES_BEHAVIOR,FOOD_BEH_1,BEHAVIOR,Behavioral,DIRECTED,LOW,INFERRED,,,,,,p1-5-behavior-extension-2026-08-27,LOW,,,2026-08-27,"AI_SUGGESTION (CANDIDATE) -- category-general reasoning, not evidence-derived. "
edge-00765,preethi-induction-cooktops,CATEGORY,ENABLES_BEHAVIOR,FOOD_BEH_2,BEHAVIOR,Behavioral,DIRECTED,LOW,INFERRED,,,,,,p1-5-behavior-extension-2026-08-27,LOW,,,2026-08-27,"AI_SUGGESTION (CANDIDATE) -- category-general reasoning, not evidence-derived. "
edge-00766,preethi-induction-cooktops,CATEGORY,ENABLES_BEHAVIOR,FOOD_BEH_3,BEHAVIOR,Behavioral,DIRECTED,LOW,INFERRED,,,,,,p1-5-behavior-extension-2026-08-27,LOW,,,2026-08-27,"AI_SUGGESTION (CANDIDATE) -- category-general reasoning, not evidence-derived. "
edge-00767,preethi-induction-cooktops,CATEGORY,ENABLES_BEHAVIOR,FOOD_BEH_4,BEHAVIOR,Behavioral,DIRECTED,LOW,INFERRED,,,,,,p1-5-behavior-extension-2026-08-27,LOW,,,2026-08-27,"AI_SUGGESTION (CANDIDATE) -- category-general reasoning, not evidence-derived. "
edge-00768,preethi-induction-cooktops,CATEGORY,CREATES_FRICTION,FOOD_FRIC_0,FRICTION,Behavioral,DIRECTED,LOW,INFERRED,,,,,,p1-5-behavior-extension-2026-08-27,LOW,,,2026-08-27,"AI_SUGGESTION (CANDIDATE) -- category-general reasoning, not evidence-derived. "
edge-00769,preethi-induction-cooktops,CATEGORY,CREATES_FRICTION,FOOD_FRIC_1,FRICTION,Behavioral,DIRECTED,LOW,INFERRED,,,,,,p1-5-behavior-extension-2026-08-27,LOW,,,2026-08-27,"AI_SUGGESTION (CANDIDATE) -- category-general reasoning, not evidence-derived. "
edge-00770,preethi-induction-cooktops,CATEGORY,CREATES_FRICTION,FOOD_FRIC_2,FRICTION,Behavioral,DIRECTED,LOW,INFERRED,,,,,,p1-5-behavior-extension-2026-08-27,LOW,,,2026-08-27,"AI_SUGGESTION (CANDIDATE) -- category-general reasoning, not evidence-derived. "
edge-00771,preethi-induction-cooktops,CATEGORY,CREATES_FRICTION,FOOD_FRIC_3,FRICTION,Behavioral,DIRECTED,LOW,INFERRED,,,,,,p1-5-behavior-extension-2026-08-27,LOW,,,2026-08-27,"AI_SUGGESTION (CANDIDATE) -- category-general reasoning, not evidence-derived. "
edge-00772,preethi-induction-cooktops,CATEGORY,CREATES_FRICTION,FOOD_FRIC_4,FRICTION,Behavioral,DIRECTED,LOW,INFERRED,,,,,,p1-5-behavior-extension-2026-08-27,LOW,,,2026-08-27,"AI_SUGGESTION (CANDIDATE) -- category-general reasoning, not evidence-derived. "
edge-00773,preethi-induction-cooktops,CATEGORY,ASSOCIATED_WITH_OUTCOME,FOOD_OUT_0,OUTCOME,Behavioral,DIRECTED,LOW,INFERRED,,,,,,p1-5-behavior-extension-2026-08-27,LOW,,,2026-08-27,"AI_SUGGESTION (CANDIDATE) -- category-general reasoning, not evidence-derived. "
edge-00774,preethi-induction-cooktops,CATEGORY,ASSOCIATED_WITH_OUTCOME,FOOD_OUT_1,OUTCOME,Behavioral,DIRECTED,LOW,INFERRED,,,,,,p1-5-behavior-extension-2026-08-27,LOW,,,2026-08-27,"AI_SUGGESTION (CANDIDATE) -- category-general reasoning, not evidence-derived. "
edge-00775,preethi-induction-cooktops,CATEGORY,ASSOCIATED_WITH_OUTCOME,FOOD_OUT_2,OUTCOME,Behavioral,DIRECTED,LOW,INFERRED,,,,,,p1-5-behavior-extension-2026-08-27,LOW,,,2026-08-27,"AI_SUGGESTION (CANDIDATE) -- category-general reasoning, not evidence-derived. "
edge-00776,preethi-induction-cooktops,CATEGORY,ASSOCIATED_WITH_OUTCOME,FOOD_OUT_3,OUTCOME,Behavioral,DIRECTED,LOW,INFERRED,,,,,,p1-5-behavior-extension-2026-08-27,LOW,,,2026-08-27,"AI_SUGGESTION (CANDIDATE) -- category-general reasoning, not evidence-derived. "
edge-00777,preethi-pressure-cookers,CATEGORY,SERVES_JOB,FOOD_JOB_0,USER_JOB,Behavioral,DIRECTED,LOW,INFERRED,,,,,,p1-5-behavior-extension-2026-08-27,LOW,,,2026-08-27,"AI_SUGGESTION (CANDIDATE) -- category-general reasoning, not evidence-derived. "
edge-00778,preethi-pressure-cookers,CATEGORY,SERVES_JOB,FOOD_JOB_1,USER_JOB,Behavioral,DIRECTED,LOW,INFERRED,,,,,,p1-5-behavior-extension-2026-08-27,LOW,,,2026-08-27,"AI_SUGGESTION (CANDIDATE) -- category-general reasoning, not evidence-derived. "
edge-00779,preethi-pressure-cookers,CATEGORY,SERVES_JOB,FOOD_JOB_2,USER_JOB,Behavioral,DIRECTED,LOW,INFERRED,,,,,,p1-5-behavior-extension-2026-08-27,LOW,,,2026-08-27,"AI_SUGGESTION (CANDIDATE) -- category-general reasoning, not evidence-derived. "
edge-00780,preethi-pressure-cookers,CATEGORY,SERVES_JOB,FOOD_JOB_3,USER_JOB,Behavioral,DIRECTED,LOW,INFERRED,,,,,,p1-5-behavior-extension-2026-08-27,LOW,,,2026-08-27,"AI_SUGGESTION (CANDIDATE) -- category-general reasoning, not evidence-derived. "
edge-00781,preethi-pressure-cookers,CATEGORY,SERVES_JOB,FOOD_JOB_4,USER_JOB,Behavioral,DIRECTED,LOW,INFERRED,,,,,,p1-5-behavior-extension-2026-08-27,LOW,,,2026-08-27,"AI_SUGGESTION (CANDIDATE) -- category-general reasoning, not evidence-derived. "
edge-00782,preethi-pressure-cookers,CATEGORY,ADDRESSES_NEED,FOOD_NEED_0,NEED,Behavioral,DIRECTED,LOW,INFERRED,,,,,,p1-5-behavior-extension-2026-08-27,LOW,,,2026-08-27,"AI_SUGGESTION (CANDIDATE) -- category-general reasoning, not evidence-derived. "
edge-00783,preethi-pressure-cookers,CATEGORY,ADDRESSES_NEED,FOOD_NEED_1,NEED,Behavioral,DIRECTED,LOW,INFERRED,,,,,,p1-5-behavior-extension-2026-08-27,LOW,,,2026-08-27,"AI_SUGGESTION (CANDIDATE) -- category-general reasoning, not evidence-derived. "
edge-00784,preethi-pressure-cookers,CATEGORY,ADDRESSES_NEED,FOOD_NEED_2,NEED,Behavioral,DIRECTED,LOW,INFERRED,,,,,,p1-5-behavior-extension-2026-08-27,LOW,,,2026-08-27,"AI_SUGGESTION (CANDIDATE) -- category-general reasoning, not evidence-derived. "
edge-00785,preethi-pressure-cookers,CATEGORY,ADDRESSES_NEED,FOOD_NEED_3,NEED,Behavioral,DIRECTED,LOW,INFERRED,,,,,,p1-5-behavior-extension-2026-08-27,LOW,,,2026-08-27,"AI_SUGGESTION (CANDIDATE) -- category-general reasoning, not evidence-derived. "
edge-00786,preethi-pressure-cookers,CATEGORY,ADDRESSES_NEED,FOOD_NEED_4,NEED,Behavioral,DIRECTED,LOW,INFERRED,,,,,,p1-5-behavior-extension-2026-08-27,LOW,,,2026-08-27,"AI_SUGGESTION (CANDIDATE) -- category-general reasoning, not evidence-derived. "
edge-00787,preethi-pressure-cookers,CATEGORY,USED_IN_CONTEXT,FOOD_CTX_0,CONTEXT,Behavioral,DIRECTED,LOW,INFERRED,,,,,,p1-5-behavior-extension-2026-08-27,LOW,,,2026-08-27,"AI_SUGGESTION (CANDIDATE) -- category-general reasoning, not evidence-derived. "
edge-00788,preethi-pressure-cookers,CATEGORY,USED_IN_CONTEXT,FOOD_CTX_1,CONTEXT,Behavioral,DIRECTED,LOW,INFERRED,,,,,,p1-5-behavior-extension-2026-08-27,LOW,,,2026-08-27,"AI_SUGGESTION (CANDIDATE) -- category-general reasoning, not evidence-derived. "
edge-00789,preethi-pressure-cookers,CATEGORY,USED_IN_CONTEXT,FOOD_CTX_2,CONTEXT,Behavioral,DIRECTED,LOW,INFERRED,,,,,,p1-5-behavior-extension-2026-08-27,LOW,,,2026-08-27,"AI_SUGGESTION (CANDIDATE) -- category-general reasoning, not evidence-derived. "
edge-00790,preethi-pressure-cookers,CATEGORY,USED_IN_CONTEXT,FOOD_CTX_3,CONTEXT,Behavioral,DIRECTED,LOW,INFERRED,,,,,,p1-5-behavior-extension-2026-08-27,LOW,,,2026-08-27,"AI_SUGGESTION (CANDIDATE) -- category-general reasoning, not evidence-derived. "
edge-00791,preethi-pressure-cookers,CATEGORY,USED_IN_CONTEXT,FOOD_CTX_4,CONTEXT,Behavioral,DIRECTED,LOW,INFERRED,,,,,,p1-5-behavior-extension-2026-08-27,LOW,,,2026-08-27,"AI_SUGGESTION (CANDIDATE) -- category-general reasoning, not evidence-derived. "
edge-00792,preethi-pressure-cookers,CATEGORY,TRIGGERED_BY,FOOD_TRIG_0,TRIGGER,Behavioral,DIRECTED,LOW,INFERRED,,,,,,p1-5-behavior-extension-2026-08-27,LOW,,,2026-08-27,"AI_SUGGESTION (CANDIDATE) -- category-general reasoning, not evidence-derived. "
edge-00793,preethi-pressure-cookers,CATEGORY,TRIGGERED_BY,FOOD_TRIG_1,TRIGGER,Behavioral,DIRECTED,LOW,INFERRED,,,,,,p1-5-behavior-extension-2026-08-27,LOW,,,2026-08-27,"AI_SUGGESTION (CANDIDATE) -- category-general reasoning, not evidence-derived. "
edge-00794,preethi-pressure-cookers,CATEGORY,TRIGGERED_BY,FOOD_TRIG_2,TRIGGER,Behavioral,DIRECTED,LOW,INFERRED,,,,,,p1-5-behavior-extension-2026-08-27,LOW,,,2026-08-27,"AI_SUGGESTION (CANDIDATE) -- category-general reasoning, not evidence-derived. "
edge-00795,preethi-pressure-cookers,CATEGORY,TRIGGERED_BY,FOOD_TRIG_3,TRIGGER,Behavioral,DIRECTED,LOW,INFERRED,,,,,,p1-5-behavior-extension-2026-08-27,LOW,,,2026-08-27,"AI_SUGGESTION (CANDIDATE) -- category-general reasoning, not evidence-derived. "
edge-00796,preethi-pressure-cookers,CATEGORY,ENABLES_BEHAVIOR,FOOD_BEH_0,BEHAVIOR,Behavioral,DIRECTED,LOW,INFERRED,,,,,,p1-5-behavior-extension-2026-08-27,LOW,,,2026-08-27,"AI_SUGGESTION (CANDIDATE) -- category-general reasoning, not evidence-derived. "
edge-00797,preethi-pressure-cookers,CATEGORY,ENABLES_BEHAVIOR,FOOD_BEH_1,BEHAVIOR,Behavioral,DIRECTED,LOW,INFERRED,,,,,,p1-5-behavior-extension-2026-08-27,LOW,,,2026-08-27,"AI_SUGGESTION (CANDIDATE) -- category-general reasoning, not evidence-derived. "
edge-00798,preethi-pressure-cookers,CATEGORY,ENABLES_BEHAVIOR,FOOD_BEH_2,BEHAVIOR,Behavioral,DIRECTED,LOW,INFERRED,,,,,,p1-5-behavior-extension-2026-08-27,LOW,,,2026-08-27,"AI_SUGGESTION (CANDIDATE) -- category-general reasoning, not evidence-derived. "
edge-00799,preethi-pressure-cookers,CATEGORY,ENABLES_BEHAVIOR,FOOD_BEH_3,BEHAVIOR,Behavioral,DIRECTED,LOW,INFERRED,,,,,,p1-5-behavior-extension-2026-08-27,LOW,,,2026-08-27,"AI_SUGGESTION (CANDIDATE) -- category-general reasoning, not evidence-derived. "
edge-00800,preethi-pressure-cookers,CATEGORY,ENABLES_BEHAVIOR,FOOD_BEH_4,BEHAVIOR,Behavioral,DIRECTED,LOW,INFERRED,,,,,,p1-5-behavior-extension-2026-08-27,LOW,,,2026-08-27,"AI_SUGGESTION (CANDIDATE) -- category-general reasoning, not evidence-derived. "
edge-00801,preethi-pressure-cookers,CATEGORY,CREATES_FRICTION,FOOD_FRIC_0,FRICTION,Behavioral,DIRECTED,LOW,INFERRED,,,,,,p1-5-behavior-extension-2026-08-27,LOW,,,2026-08-27,"AI_SUGGESTION (CANDIDATE) -- category-general reasoning, not evidence-derived. "
edge-00802,preethi-pressure-cookers,CATEGORY,CREATES_FRICTION,FOOD_FRIC_1,FRICTION,Behavioral,DIRECTED,LOW,INFERRED,,,,,,p1-5-behavior-extension-2026-08-27,LOW,,,2026-08-27,"AI_SUGGESTION (CANDIDATE) -- category-general reasoning, not evidence-derived. "
edge-00803,preethi-pressure-cookers,CATEGORY,CREATES_FRICTION,FOOD_FRIC_2,FRICTION,Behavioral,DIRECTED,LOW,INFERRED,,,,,,p1-5-behavior-extension-2026-08-27,LOW,,,2026-08-27,"AI_SUGGESTION (CANDIDATE) -- category-general reasoning, not evidence-derived. "
edge-00804,preethi-pressure-cookers,CATEGORY,CREATES_FRICTION,FOOD_FRIC_3,FRICTION,Behavioral,DIRECTED,LOW,INFERRED,,,,,,p1-5-behavior-extension-2026-08-27,LOW,,,2026-08-27,"AI_SUGGESTION (CANDIDATE) -- category-general reasoning, not evidence-derived. "
edge-00805,preethi-pressure-cookers,CATEGORY,CREATES_FRICTION,FOOD_FRIC_4,FRICTION,Behavioral,DIRECTED,LOW,INFERRED,,,,,,p1-5-behavior-extension-2026-08-27,LOW,,,2026-08-27,"AI_SUGGESTION (CANDIDATE) -- category-general reasoning, not evidence-derived. "
edge-00806,preethi-pressure-cookers,CATEGORY,ASSOCIATED_WITH_OUTCOME,FOOD_OUT_0,OUTCOME,Behavioral,DIRECTED,LOW,INFERRED,,,,,,p1-5-behavior-extension-2026-08-27,LOW,,,2026-08-27,"AI_SUGGESTION (CANDIDATE) -- category-general reasoning, not evidence-derived. "
edge-00807,preethi-pressure-cookers,CATEGORY,ASSOCIATED_WITH_OUTCOME,FOOD_OUT_1,OUTCOME,Behavioral,DIRECTED,LOW,INFERRED,,,,,,p1-5-behavior-extension-2026-08-27,LOW,,,2026-08-27,"AI_SUGGESTION (CANDIDATE) -- category-general reasoning, not evidence-derived. "
edge-00808,preethi-pressure-cookers,CATEGORY,ASSOCIATED_WITH_OUTCOME,FOOD_OUT_2,OUTCOME,Behavioral,DIRECTED,LOW,INFERRED,,,,,,p1-5-behavior-extension-2026-08-27,LOW,,,2026-08-27,"AI_SUGGESTION (CANDIDATE) -- category-general reasoning, not evidence-derived. "
edge-00809,preethi-pressure-cookers,CATEGORY,ASSOCIATED_WITH_OUTCOME,FOOD_OUT_3,OUTCOME,Behavioral,DIRECTED,LOW,INFERRED,,,,,,p1-5-behavior-extension-2026-08-27,LOW,,,2026-08-27,"AI_SUGGESTION (CANDIDATE) -- category-general reasoning, not evidence-derived. "
edge-00810,preethi-cookware,CATEGORY,SERVES_JOB,FOOD_JOB_0,USER_JOB,Behavioral,DIRECTED,LOW,INFERRED,,,,,,p1-5-behavior-extension-2026-08-27,LOW,,,2026-08-27,"AI_SUGGESTION (CANDIDATE) -- category-general reasoning, not evidence-derived. "
edge-00811,preethi-cookware,CATEGORY,SERVES_JOB,FOOD_JOB_1,USER_JOB,Behavioral,DIRECTED,LOW,INFERRED,,,,,,p1-5-behavior-extension-2026-08-27,LOW,,,2026-08-27,"AI_SUGGESTION (CANDIDATE) -- category-general reasoning, not evidence-derived. "
edge-00812,preethi-cookware,CATEGORY,SERVES_JOB,FOOD_JOB_2,USER_JOB,Behavioral,DIRECTED,LOW,INFERRED,,,,,,p1-5-behavior-extension-2026-08-27,LOW,,,2026-08-27,"AI_SUGGESTION (CANDIDATE) -- category-general reasoning, not evidence-derived. "
edge-00813,preethi-cookware,CATEGORY,SERVES_JOB,FOOD_JOB_3,USER_JOB,Behavioral,DIRECTED,LOW,INFERRED,,,,,,p1-5-behavior-extension-2026-08-27,LOW,,,2026-08-27,"AI_SUGGESTION (CANDIDATE) -- category-general reasoning, not evidence-derived. "
edge-00814,preethi-cookware,CATEGORY,SERVES_JOB,FOOD_JOB_4,USER_JOB,Behavioral,DIRECTED,LOW,INFERRED,,,,,,p1-5-behavior-extension-2026-08-27,LOW,,,2026-08-27,"AI_SUGGESTION (CANDIDATE) -- category-general reasoning, not evidence-derived. "
edge-00815,preethi-cookware,CATEGORY,ADDRESSES_NEED,FOOD_NEED_0,NEED,Behavioral,DIRECTED,LOW,INFERRED,,,,,,p1-5-behavior-extension-2026-08-27,LOW,,,2026-08-27,"AI_SUGGESTION (CANDIDATE) -- category-general reasoning, not evidence-derived. "
edge-00816,preethi-cookware,CATEGORY,ADDRESSES_NEED,FOOD_NEED_1,NEED,Behavioral,DIRECTED,LOW,INFERRED,,,,,,p1-5-behavior-extension-2026-08-27,LOW,,,2026-08-27,"AI_SUGGESTION (CANDIDATE) -- category-general reasoning, not evidence-derived. "
edge-00817,preethi-cookware,CATEGORY,ADDRESSES_NEED,FOOD_NEED_2,NEED,Behavioral,DIRECTED,LOW,INFERRED,,,,,,p1-5-behavior-extension-2026-08-27,LOW,,,2026-08-27,"AI_SUGGESTION (CANDIDATE) -- category-general reasoning, not evidence-derived. "
edge-00818,preethi-cookware,CATEGORY,ADDRESSES_NEED,FOOD_NEED_3,NEED,Behavioral,DIRECTED,LOW,INFERRED,,,,,,p1-5-behavior-extension-2026-08-27,LOW,,,2026-08-27,"AI_SUGGESTION (CANDIDATE) -- category-general reasoning, not evidence-derived. "
edge-00819,preethi-cookware,CATEGORY,ADDRESSES_NEED,FOOD_NEED_4,NEED,Behavioral,DIRECTED,LOW,INFERRED,,,,,,p1-5-behavior-extension-2026-08-27,LOW,,,2026-08-27,"AI_SUGGESTION (CANDIDATE) -- category-general reasoning, not evidence-derived. "
edge-00820,preethi-cookware,CATEGORY,USED_IN_CONTEXT,FOOD_CTX_0,CONTEXT,Behavioral,DIRECTED,LOW,INFERRED,,,,,,p1-5-behavior-extension-2026-08-27,LOW,,,2026-08-27,"AI_SUGGESTION (CANDIDATE) -- category-general reasoning, not evidence-derived. "
edge-00821,preethi-cookware,CATEGORY,USED_IN_CONTEXT,FOOD_CTX_1,CONTEXT,Behavioral,DIRECTED,LOW,INFERRED,,,,,,p1-5-behavior-extension-2026-08-27,LOW,,,2026-08-27,"AI_SUGGESTION (CANDIDATE) -- category-general reasoning, not evidence-derived. "
edge-00822,preethi-cookware,CATEGORY,USED_IN_CONTEXT,FOOD_CTX_2,CONTEXT,Behavioral,DIRECTED,LOW,INFERRED,,,,,,p1-5-behavior-extension-2026-08-27,LOW,,,2026-08-27,"AI_SUGGESTION (CANDIDATE) -- category-general reasoning, not evidence-derived. "
edge-00823,preethi-cookware,CATEGORY,USED_IN_CONTEXT,FOOD_CTX_3,CONTEXT,Behavioral,DIRECTED,LOW,INFERRED,,,,,,p1-5-behavior-extension-2026-08-27,LOW,,,2026-08-27,"AI_SUGGESTION (CANDIDATE) -- category-general reasoning, not evidence-derived. "
edge-00824,preethi-cookware,CATEGORY,USED_IN_CONTEXT,FOOD_CTX_4,CONTEXT,Behavioral,DIRECTED,LOW,INFERRED,,,,,,p1-5-behavior-extension-2026-08-27,LOW,,,2026-08-27,"AI_SUGGESTION (CANDIDATE) -- category-general reasoning, not evidence-derived. "
edge-00825,preethi-cookware,CATEGORY,TRIGGERED_BY,FOOD_TRIG_0,TRIGGER,Behavioral,DIRECTED,LOW,INFERRED,,,,,,p1-5-behavior-extension-2026-08-27,LOW,,,2026-08-27,"AI_SUGGESTION (CANDIDATE) -- category-general reasoning, not evidence-derived. "
edge-00826,preethi-cookware,CATEGORY,TRIGGERED_BY,FOOD_TRIG_1,TRIGGER,Behavioral,DIRECTED,LOW,INFERRED,,,,,,p1-5-behavior-extension-2026-08-27,LOW,,,2026-08-27,"AI_SUGGESTION (CANDIDATE) -- category-general reasoning, not evidence-derived. "
edge-00827,preethi-cookware,CATEGORY,TRIGGERED_BY,FOOD_TRIG_2,TRIGGER,Behavioral,DIRECTED,LOW,INFERRED,,,,,,p1-5-behavior-extension-2026-08-27,LOW,,,2026-08-27,"AI_SUGGESTION (CANDIDATE) -- category-general reasoning, not evidence-derived. "
edge-00828,preethi-cookware,CATEGORY,TRIGGERED_BY,FOOD_TRIG_3,TRIGGER,Behavioral,DIRECTED,LOW,INFERRED,,,,,,p1-5-behavior-extension-2026-08-27,LOW,,,2026-08-27,"AI_SUGGESTION (CANDIDATE) -- category-general reasoning, not evidence-derived. "
edge-00829,preethi-cookware,CATEGORY,ENABLES_BEHAVIOR,FOOD_BEH_0,BEHAVIOR,Behavioral,DIRECTED,LOW,INFERRED,,,,,,p1-5-behavior-extension-2026-08-27,LOW,,,2026-08-27,"AI_SUGGESTION (CANDIDATE) -- category-general reasoning, not evidence-derived. "
edge-00830,preethi-cookware,CATEGORY,ENABLES_BEHAVIOR,FOOD_BEH_1,BEHAVIOR,Behavioral,DIRECTED,LOW,INFERRED,,,,,,p1-5-behavior-extension-2026-08-27,LOW,,,2026-08-27,"AI_SUGGESTION (CANDIDATE) -- category-general reasoning, not evidence-derived. "
edge-00831,preethi-cookware,CATEGORY,ENABLES_BEHAVIOR,FOOD_BEH_2,BEHAVIOR,Behavioral,DIRECTED,LOW,INFERRED,,,,,,p1-5-behavior-extension-2026-08-27,LOW,,,2026-08-27,"AI_SUGGESTION (CANDIDATE) -- category-general reasoning, not evidence-derived. "
edge-00832,preethi-cookware,CATEGORY,ENABLES_BEHAVIOR,FOOD_BEH_3,BEHAVIOR,Behavioral,DIRECTED,LOW,INFERRED,,,,,,p1-5-behavior-extension-2026-08-27,LOW,,,2026-08-27,"AI_SUGGESTION (CANDIDATE) -- category-general reasoning, not evidence-derived. "
edge-00833,preethi-cookware,CATEGORY,ENABLES_BEHAVIOR,FOOD_BEH_4,BEHAVIOR,Behavioral,DIRECTED,LOW,INFERRED,,,,,,p1-5-behavior-extension-2026-08-27,LOW,,,2026-08-27,"AI_SUGGESTION (CANDIDATE) -- category-general reasoning, not evidence-derived. "
edge-00834,preethi-cookware,CATEGORY,CREATES_FRICTION,FOOD_FRIC_0,FRICTION,Behavioral,DIRECTED,LOW,INFERRED,,,,,,p1-5-behavior-extension-2026-08-27,LOW,,,2026-08-27,"AI_SUGGESTION (CANDIDATE) -- category-general reasoning, not evidence-derived. "
edge-00835,preethi-cookware,CATEGORY,CREATES_FRICTION,FOOD_FRIC_1,FRICTION,Behavioral,DIRECTED,LOW,INFERRED,,,,,,p1-5-behavior-extension-2026-08-27,LOW,,,2026-08-27,"AI_SUGGESTION (CANDIDATE) -- category-general reasoning, not evidence-derived. "
edge-00836,preethi-cookware,CATEGORY,CREATES_FRICTION,FOOD_FRIC_2,FRICTION,Behavioral,DIRECTED,LOW,INFERRED,,,,,,p1-5-behavior-extension-2026-08-27,LOW,,,2026-08-27,"AI_SUGGESTION (CANDIDATE) -- category-general reasoning, not evidence-derived. "
edge-00837,preethi-cookware,CATEGORY,CREATES_FRICTION,FOOD_FRIC_3,FRICTION,Behavioral,DIRECTED,LOW,INFERRED,,,,,,p1-5-behavior-extension-2026-08-27,LOW,,,2026-08-27,"AI_SUGGESTION (CANDIDATE) -- category-general reasoning, not evidence-derived. "
edge-00838,preethi-cookware,CATEGORY,CREATES_FRICTION,FOOD_FRIC_4,FRICTION,Behavioral,DIRECTED,LOW,INFERRED,,,,,,p1-5-behavior-extension-2026-08-27,LOW,,,2026-08-27,"AI_SUGGESTION (CANDIDATE) -- category-general reasoning, not evidence-derived. "
edge-00839,preethi-cookware,CATEGORY,ASSOCIATED_WITH_OUTCOME,FOOD_OUT_0,OUTCOME,Behavioral,DIRECTED,LOW,INFERRED,,,,,,p1-5-behavior-extension-2026-08-27,LOW,,,2026-08-27,"AI_SUGGESTION (CANDIDATE) -- category-general reasoning, not evidence-derived. "
edge-00840,preethi-cookware,CATEGORY,ASSOCIATED_WITH_OUTCOME,FOOD_OUT_1,OUTCOME,Behavioral,DIRECTED,LOW,INFERRED,,,,,,p1-5-behavior-extension-2026-08-27,LOW,,,2026-08-27,"AI_SUGGESTION (CANDIDATE) -- category-general reasoning, not evidence-derived. "
edge-00841,preethi-cookware,CATEGORY,ASSOCIATED_WITH_OUTCOME,FOOD_OUT_2,OUTCOME,Behavioral,DIRECTED,LOW,INFERRED,,,,,,p1-5-behavior-extension-2026-08-27,LOW,,,2026-08-27,"AI_SUGGESTION (CANDIDATE) -- category-general reasoning, not evidence-derived. "
edge-00842,preethi-cookware,CATEGORY,ASSOCIATED_WITH_OUTCOME,FOOD_OUT_3,OUTCOME,Behavioral,DIRECTED,LOW,INFERRED,,,,,,p1-5-behavior-extension-2026-08-27,LOW,,,2026-08-27,"AI_SUGGESTION (CANDIDATE) -- category-general reasoning, not evidence-derived. "
edge-00843,walita-kitchen,CATEGORY,SERVES_JOB,FOOD_JOB_0,USER_JOB,Behavioral,DIRECTED,LOW,INFERRED,,,,,,p1-5-behavior-extension-2026-08-27,LOW,,,2026-08-27,"AI_SUGGESTION (CANDIDATE) -- category-general reasoning, not evidence-derived. "
edge-00844,walita-kitchen,CATEGORY,SERVES_JOB,FOOD_JOB_1,USER_JOB,Behavioral,DIRECTED,LOW,INFERRED,,,,,,p1-5-behavior-extension-2026-08-27,LOW,,,2026-08-27,"AI_SUGGESTION (CANDIDATE) -- category-general reasoning, not evidence-derived. "
edge-00845,walita-kitchen,CATEGORY,SERVES_JOB,FOOD_JOB_2,USER_JOB,Behavioral,DIRECTED,LOW,INFERRED,,,,,,p1-5-behavior-extension-2026-08-27,LOW,,,2026-08-27,"AI_SUGGESTION (CANDIDATE) -- category-general reasoning, not evidence-derived. "
edge-00846,walita-kitchen,CATEGORY,SERVES_JOB,FOOD_JOB_3,USER_JOB,Behavioral,DIRECTED,LOW,INFERRED,,,,,,p1-5-behavior-extension-2026-08-27,LOW,,,2026-08-27,"AI_SUGGESTION (CANDIDATE) -- category-general reasoning, not evidence-derived. "
edge-00847,walita-kitchen,CATEGORY,SERVES_JOB,FOOD_JOB_4,USER_JOB,Behavioral,DIRECTED,LOW,INFERRED,,,,,,p1-5-behavior-extension-2026-08-27,LOW,,,2026-08-27,"AI_SUGGESTION (CANDIDATE) -- category-general reasoning, not evidence-derived. "
edge-00848,walita-kitchen,CATEGORY,ADDRESSES_NEED,FOOD_NEED_0,NEED,Behavioral,DIRECTED,LOW,INFERRED,,,,,,p1-5-behavior-extension-2026-08-27,LOW,,,2026-08-27,"AI_SUGGESTION (CANDIDATE) -- category-general reasoning, not evidence-derived. "
edge-00849,walita-kitchen,CATEGORY,ADDRESSES_NEED,FOOD_NEED_1,NEED,Behavioral,DIRECTED,LOW,INFERRED,,,,,,p1-5-behavior-extension-2026-08-27,LOW,,,2026-08-27,"AI_SUGGESTION (CANDIDATE) -- category-general reasoning, not evidence-derived. "
edge-00850,walita-kitchen,CATEGORY,ADDRESSES_NEED,FOOD_NEED_2,NEED,Behavioral,DIRECTED,LOW,INFERRED,,,,,,p1-5-behavior-extension-2026-08-27,LOW,,,2026-08-27,"AI_SUGGESTION (CANDIDATE) -- category-general reasoning, not evidence-derived. "
edge-00851,walita-kitchen,CATEGORY,ADDRESSES_NEED,FOOD_NEED_3,NEED,Behavioral,DIRECTED,LOW,INFERRED,,,,,,p1-5-behavior-extension-2026-08-27,LOW,,,2026-08-27,"AI_SUGGESTION (CANDIDATE) -- category-general reasoning, not evidence-derived. "
edge-00852,walita-kitchen,CATEGORY,ADDRESSES_NEED,FOOD_NEED_4,NEED,Behavioral,DIRECTED,LOW,INFERRED,,,,,,p1-5-behavior-extension-2026-08-27,LOW,,,2026-08-27,"AI_SUGGESTION (CANDIDATE) -- category-general reasoning, not evidence-derived. "
edge-00853,walita-kitchen,CATEGORY,USED_IN_CONTEXT,FOOD_CTX_0,CONTEXT,Behavioral,DIRECTED,LOW,INFERRED,,,,,,p1-5-behavior-extension-2026-08-27,LOW,,,2026-08-27,"AI_SUGGESTION (CANDIDATE) -- category-general reasoning, not evidence-derived. "
edge-00854,walita-kitchen,CATEGORY,USED_IN_CONTEXT,FOOD_CTX_1,CONTEXT,Behavioral,DIRECTED,LOW,INFERRED,,,,,,p1-5-behavior-extension-2026-08-27,LOW,,,2026-08-27,"AI_SUGGESTION (CANDIDATE) -- category-general reasoning, not evidence-derived. "
edge-00855,walita-kitchen,CATEGORY,USED_IN_CONTEXT,FOOD_CTX_2,CONTEXT,Behavioral,DIRECTED,LOW,INFERRED,,,,,,p1-5-behavior-extension-2026-08-27,LOW,,,2026-08-27,"AI_SUGGESTION (CANDIDATE) -- category-general reasoning, not evidence-derived. "
edge-00856,walita-kitchen,CATEGORY,USED_IN_CONTEXT,FOOD_CTX_3,CONTEXT,Behavioral,DIRECTED,LOW,INFERRED,,,,,,p1-5-behavior-extension-2026-08-27,LOW,,,2026-08-27,"AI_SUGGESTION (CANDIDATE) -- category-general reasoning, not evidence-derived. "
edge-00857,walita-kitchen,CATEGORY,USED_IN_CONTEXT,FOOD_CTX_4,CONTEXT,Behavioral,DIRECTED,LOW,INFERRED,,,,,,p1-5-behavior-extension-2026-08-27,LOW,,,2026-08-27,"AI_SUGGESTION (CANDIDATE) -- category-general reasoning, not evidence-derived. "
edge-00858,walita-kitchen,CATEGORY,TRIGGERED_BY,FOOD_TRIG_0,TRIGGER,Behavioral,DIRECTED,LOW,INFERRED,,,,,,p1-5-behavior-extension-2026-08-27,LOW,,,2026-08-27,"AI_SUGGESTION (CANDIDATE) -- category-general reasoning, not evidence-derived. "
edge-00859,walita-kitchen,CATEGORY,TRIGGERED_BY,FOOD_TRIG_1,TRIGGER,Behavioral,DIRECTED,LOW,INFERRED,,,,,,p1-5-behavior-extension-2026-08-27,LOW,,,2026-08-27,"AI_SUGGESTION (CANDIDATE) -- category-general reasoning, not evidence-derived. "
edge-00860,walita-kitchen,CATEGORY,TRIGGERED_BY,FOOD_TRIG_2,TRIGGER,Behavioral,DIRECTED,LOW,INFERRED,,,,,,p1-5-behavior-extension-2026-08-27,LOW,,,2026-08-27,"AI_SUGGESTION (CANDIDATE) -- category-general reasoning, not evidence-derived. "
edge-00861,walita-kitchen,CATEGORY,TRIGGERED_BY,FOOD_TRIG_3,TRIGGER,Behavioral,DIRECTED,LOW,INFERRED,,,,,,p1-5-behavior-extension-2026-08-27,LOW,,,2026-08-27,"AI_SUGGESTION (CANDIDATE) -- category-general reasoning, not evidence-derived. "
edge-00862,walita-kitchen,CATEGORY,ENABLES_BEHAVIOR,FOOD_BEH_0,BEHAVIOR,Behavioral,DIRECTED,LOW,INFERRED,,,,,,p1-5-behavior-extension-2026-08-27,LOW,,,2026-08-27,"AI_SUGGESTION (CANDIDATE) -- category-general reasoning, not evidence-derived. "
edge-00863,walita-kitchen,CATEGORY,ENABLES_BEHAVIOR,FOOD_BEH_1,BEHAVIOR,Behavioral,DIRECTED,LOW,INFERRED,,,,,,p1-5-behavior-extension-2026-08-27,LOW,,,2026-08-27,"AI_SUGGESTION (CANDIDATE) -- category-general reasoning, not evidence-derived. "
edge-00864,walita-kitchen,CATEGORY,ENABLES_BEHAVIOR,FOOD_BEH_2,BEHAVIOR,Behavioral,DIRECTED,LOW,INFERRED,,,,,,p1-5-behavior-extension-2026-08-27,LOW,,,2026-08-27,"AI_SUGGESTION (CANDIDATE) -- category-general reasoning, not evidence-derived. "
edge-00865,walita-kitchen,CATEGORY,ENABLES_BEHAVIOR,FOOD_BEH_3,BEHAVIOR,Behavioral,DIRECTED,LOW,INFERRED,,,,,,p1-5-behavior-extension-2026-08-27,LOW,,,2026-08-27,"AI_SUGGESTION (CANDIDATE) -- category-general reasoning, not evidence-derived. "
edge-00866,walita-kitchen,CATEGORY,ENABLES_BEHAVIOR,FOOD_BEH_4,BEHAVIOR,Behavioral,DIRECTED,LOW,INFERRED,,,,,,p1-5-behavior-extension-2026-08-27,LOW,,,2026-08-27,"AI_SUGGESTION (CANDIDATE) -- category-general reasoning, not evidence-derived. "
edge-00867,walita-kitchen,CATEGORY,CREATES_FRICTION,FOOD_FRIC_0,FRICTION,Behavioral,DIRECTED,LOW,INFERRED,,,,,,p1-5-behavior-extension-2026-08-27,LOW,,,2026-08-27,"AI_SUGGESTION (CANDIDATE) -- category-general reasoning, not evidence-derived. "
edge-00868,walita-kitchen,CATEGORY,CREATES_FRICTION,FOOD_FRIC_1,FRICTION,Behavioral,DIRECTED,LOW,INFERRED,,,,,,p1-5-behavior-extension-2026-08-27,LOW,,,2026-08-27,"AI_SUGGESTION (CANDIDATE) -- category-general reasoning, not evidence-derived. "
edge-00869,walita-kitchen,CATEGORY,CREATES_FRICTION,FOOD_FRIC_2,FRICTION,Behavioral,DIRECTED,LOW,INFERRED,,,,,,p1-5-behavior-extension-2026-08-27,LOW,,,2026-08-27,"AI_SUGGESTION (CANDIDATE) -- category-general reasoning, not evidence-derived. "
edge-00870,walita-kitchen,CATEGORY,CREATES_FRICTION,FOOD_FRIC_3,FRICTION,Behavioral,DIRECTED,LOW,INFERRED,,,,,,p1-5-behavior-extension-2026-08-27,LOW,,,2026-08-27,"AI_SUGGESTION (CANDIDATE) -- category-general reasoning, not evidence-derived. "
edge-00871,walita-kitchen,CATEGORY,CREATES_FRICTION,FOOD_FRIC_4,FRICTION,Behavioral,DIRECTED,LOW,INFERRED,,,,,,p1-5-behavior-extension-2026-08-27,LOW,,,2026-08-27,"AI_SUGGESTION (CANDIDATE) -- category-general reasoning, not evidence-derived. "
edge-00872,walita-kitchen,CATEGORY,ASSOCIATED_WITH_OUTCOME,FOOD_OUT_0,OUTCOME,Behavioral,DIRECTED,LOW,INFERRED,,,,,,p1-5-behavior-extension-2026-08-27,LOW,,,2026-08-27,"AI_SUGGESTION (CANDIDATE) -- category-general reasoning, not evidence-derived. "
edge-00873,walita-kitchen,CATEGORY,ASSOCIATED_WITH_OUTCOME,FOOD_OUT_1,OUTCOME,Behavioral,DIRECTED,LOW,INFERRED,,,,,,p1-5-behavior-extension-2026-08-27,LOW,,,2026-08-27,"AI_SUGGESTION (CANDIDATE) -- category-general reasoning, not evidence-derived. "
edge-00874,walita-kitchen,CATEGORY,ASSOCIATED_WITH_OUTCOME,FOOD_OUT_2,OUTCOME,Behavioral,DIRECTED,LOW,INFERRED,,,,,,p1-5-behavior-extension-2026-08-27,LOW,,,2026-08-27,"AI_SUGGESTION (CANDIDATE) -- category-general reasoning, not evidence-derived. "
edge-00875,walita-kitchen,CATEGORY,ASSOCIATED_WITH_OUTCOME,FOOD_OUT_3,OUTCOME,Behavioral,DIRECTED,LOW,INFERRED,,,,,,p1-5-behavior-extension-2026-08-27,LOW,,,2026-08-27,"AI_SUGGESTION (CANDIDATE) -- category-general reasoning, not evidence-derived. "
edge-00876,philips-floor-care,CATEGORY,SERVES_JOB,FLOOR_JOB_0,USER_JOB,Behavioral,DIRECTED,LOW,INFERRED,,,,,,p1-5-behavior-extension-2026-08-27,LOW,,,2026-08-27,"AI_SUGGESTION (CANDIDATE) -- category-general reasoning, not evidence-derived. "
edge-00877,philips-floor-care,CATEGORY,SERVES_JOB,FLOOR_JOB_1,USER_JOB,Behavioral,DIRECTED,LOW,INFERRED,,,,,,p1-5-behavior-extension-2026-08-27,LOW,,,2026-08-27,"AI_SUGGESTION (CANDIDATE) -- category-general reasoning, not evidence-derived. "
edge-00878,philips-floor-care,CATEGORY,SERVES_JOB,FLOOR_JOB_2,USER_JOB,Behavioral,DIRECTED,LOW,INFERRED,,,,,,p1-5-behavior-extension-2026-08-27,LOW,,,2026-08-27,"AI_SUGGESTION (CANDIDATE) -- category-general reasoning, not evidence-derived. "
edge-00879,philips-floor-care,CATEGORY,SERVES_JOB,FLOOR_JOB_3,USER_JOB,Behavioral,DIRECTED,LOW,INFERRED,,,,,,p1-5-behavior-extension-2026-08-27,LOW,,,2026-08-27,"AI_SUGGESTION (CANDIDATE) -- category-general reasoning, not evidence-derived. "
edge-00880,philips-floor-care,CATEGORY,SERVES_JOB,FLOOR_JOB_4,USER_JOB,Behavioral,DIRECTED,LOW,INFERRED,,,,,,p1-5-behavior-extension-2026-08-27,LOW,,,2026-08-27,"AI_SUGGESTION (CANDIDATE) -- category-general reasoning, not evidence-derived. "
edge-00881,philips-floor-care,CATEGORY,ADDRESSES_NEED,FLOOR_NEED_0,NEED,Behavioral,DIRECTED,LOW,INFERRED,,,,,,p1-5-behavior-extension-2026-08-27,LOW,,,2026-08-27,"AI_SUGGESTION (CANDIDATE) -- category-general reasoning, not evidence-derived. "
edge-00882,philips-floor-care,CATEGORY,ADDRESSES_NEED,FLOOR_NEED_1,NEED,Behavioral,DIRECTED,LOW,INFERRED,,,,,,p1-5-behavior-extension-2026-08-27,LOW,,,2026-08-27,"AI_SUGGESTION (CANDIDATE) -- category-general reasoning, not evidence-derived. "
edge-00883,philips-floor-care,CATEGORY,ADDRESSES_NEED,FLOOR_NEED_2,NEED,Behavioral,DIRECTED,LOW,INFERRED,,,,,,p1-5-behavior-extension-2026-08-27,LOW,,,2026-08-27,"AI_SUGGESTION (CANDIDATE) -- category-general reasoning, not evidence-derived. "
edge-00884,philips-floor-care,CATEGORY,ADDRESSES_NEED,FLOOR_NEED_3,NEED,Behavioral,DIRECTED,LOW,INFERRED,,,,,,p1-5-behavior-extension-2026-08-27,LOW,,,2026-08-27,"AI_SUGGESTION (CANDIDATE) -- category-general reasoning, not evidence-derived. "
edge-00885,philips-floor-care,CATEGORY,ADDRESSES_NEED,FLOOR_NEED_4,NEED,Behavioral,DIRECTED,LOW,INFERRED,,,,,,p1-5-behavior-extension-2026-08-27,LOW,,,2026-08-27,"AI_SUGGESTION (CANDIDATE) -- category-general reasoning, not evidence-derived. "
edge-00886,philips-floor-care,CATEGORY,USED_IN_CONTEXT,FLOOR_CTX_0,CONTEXT,Behavioral,DIRECTED,LOW,INFERRED,,,,,,p1-5-behavior-extension-2026-08-27,LOW,,,2026-08-27,"AI_SUGGESTION (CANDIDATE) -- category-general reasoning, not evidence-derived. "
edge-00887,philips-floor-care,CATEGORY,USED_IN_CONTEXT,FLOOR_CTX_1,CONTEXT,Behavioral,DIRECTED,LOW,INFERRED,,,,,,p1-5-behavior-extension-2026-08-27,LOW,,,2026-08-27,"AI_SUGGESTION (CANDIDATE) -- category-general reasoning, not evidence-derived. "
edge-00888,philips-floor-care,CATEGORY,USED_IN_CONTEXT,FLOOR_CTX_2,CONTEXT,Behavioral,DIRECTED,LOW,INFERRED,,,,,,p1-5-behavior-extension-2026-08-27,LOW,,,2026-08-27,"AI_SUGGESTION (CANDIDATE) -- category-general reasoning, not evidence-derived. "
edge-00889,philips-floor-care,CATEGORY,USED_IN_CONTEXT,FLOOR_CTX_3,CONTEXT,Behavioral,DIRECTED,LOW,INFERRED,,,,,,p1-5-behavior-extension-2026-08-27,LOW,,,2026-08-27,"AI_SUGGESTION (CANDIDATE) -- category-general reasoning, not evidence-derived. "
edge-00890,philips-floor-care,CATEGORY,USED_IN_CONTEXT,FLOOR_CTX_4,CONTEXT,Behavioral,DIRECTED,LOW,INFERRED,,,,,,p1-5-behavior-extension-2026-08-27,LOW,,,2026-08-27,"AI_SUGGESTION (CANDIDATE) -- category-general reasoning, not evidence-derived. "
edge-00891,philips-floor-care,CATEGORY,TRIGGERED_BY,FLOOR_TRIG_0,TRIGGER,Behavioral,DIRECTED,LOW,INFERRED,,,,,,p1-5-behavior-extension-2026-08-27,LOW,,,2026-08-27,"AI_SUGGESTION (CANDIDATE) -- category-general reasoning, not evidence-derived. "
edge-00892,philips-floor-care,CATEGORY,TRIGGERED_BY,FLOOR_TRIG_1,TRIGGER,Behavioral,DIRECTED,LOW,INFERRED,,,,,,p1-5-behavior-extension-2026-08-27,LOW,,,2026-08-27,"AI_SUGGESTION (CANDIDATE) -- category-general reasoning, not evidence-derived. "
edge-00893,philips-floor-care,CATEGORY,TRIGGERED_BY,FLOOR_TRIG_2,TRIGGER,Behavioral,DIRECTED,LOW,INFERRED,,,,,,p1-5-behavior-extension-2026-08-27,LOW,,,2026-08-27,"AI_SUGGESTION (CANDIDATE) -- category-general reasoning, not evidence-derived. "
edge-00894,philips-floor-care,CATEGORY,TRIGGERED_BY,FLOOR_TRIG_3,TRIGGER,Behavioral,DIRECTED,LOW,INFERRED,,,,,,p1-5-behavior-extension-2026-08-27,LOW,,,2026-08-27,"AI_SUGGESTION (CANDIDATE) -- category-general reasoning, not evidence-derived. "
edge-00895,philips-floor-care,CATEGORY,ENABLES_BEHAVIOR,FLOOR_BEH_0,BEHAVIOR,Behavioral,DIRECTED,LOW,INFERRED,,,,,,p1-5-behavior-extension-2026-08-27,LOW,,,2026-08-27,"AI_SUGGESTION (CANDIDATE) -- category-general reasoning, not evidence-derived. "
edge-00896,philips-floor-care,CATEGORY,ENABLES_BEHAVIOR,FLOOR_BEH_1,BEHAVIOR,Behavioral,DIRECTED,LOW,INFERRED,,,,,,p1-5-behavior-extension-2026-08-27,LOW,,,2026-08-27,"AI_SUGGESTION (CANDIDATE) -- category-general reasoning, not evidence-derived. "
edge-00897,philips-floor-care,CATEGORY,ENABLES_BEHAVIOR,FLOOR_BEH_2,BEHAVIOR,Behavioral,DIRECTED,LOW,INFERRED,,,,,,p1-5-behavior-extension-2026-08-27,LOW,,,2026-08-27,"AI_SUGGESTION (CANDIDATE) -- category-general reasoning, not evidence-derived. "
edge-00898,philips-floor-care,CATEGORY,ENABLES_BEHAVIOR,FLOOR_BEH_3,BEHAVIOR,Behavioral,DIRECTED,LOW,INFERRED,,,,,,p1-5-behavior-extension-2026-08-27,LOW,,,2026-08-27,"AI_SUGGESTION (CANDIDATE) -- category-general reasoning, not evidence-derived. "
edge-00899,philips-floor-care,CATEGORY,ENABLES_BEHAVIOR,FLOOR_BEH_4,BEHAVIOR,Behavioral,DIRECTED,LOW,INFERRED,,,,,,p1-5-behavior-extension-2026-08-27,LOW,,,2026-08-27,"AI_SUGGESTION (CANDIDATE) -- category-general reasoning, not evidence-derived. "
edge-00900,philips-floor-care,CATEGORY,CREATES_FRICTION,FLOOR_FRIC_0,FRICTION,Behavioral,DIRECTED,LOW,INFERRED,,,,,,p1-5-behavior-extension-2026-08-27,LOW,,,2026-08-27,"AI_SUGGESTION (CANDIDATE) -- category-general reasoning, not evidence-derived. "
edge-00901,philips-floor-care,CATEGORY,CREATES_FRICTION,FLOOR_FRIC_1,FRICTION,Behavioral,DIRECTED,LOW,INFERRED,,,,,,p1-5-behavior-extension-2026-08-27,LOW,,,2026-08-27,"AI_SUGGESTION (CANDIDATE) -- category-general reasoning, not evidence-derived. "
edge-00902,philips-floor-care,CATEGORY,CREATES_FRICTION,FLOOR_FRIC_2,FRICTION,Behavioral,DIRECTED,LOW,INFERRED,,,,,,p1-5-behavior-extension-2026-08-27,LOW,,,2026-08-27,"AI_SUGGESTION (CANDIDATE) -- category-general reasoning, not evidence-derived. "
edge-00903,philips-floor-care,CATEGORY,CREATES_FRICTION,FLOOR_FRIC_3,FRICTION,Behavioral,DIRECTED,LOW,INFERRED,,,,,,p1-5-behavior-extension-2026-08-27,LOW,,,2026-08-27,"AI_SUGGESTION (CANDIDATE) -- category-general reasoning, not evidence-derived. "
edge-00904,philips-floor-care,CATEGORY,CREATES_FRICTION,FLOOR_FRIC_4,FRICTION,Behavioral,DIRECTED,LOW,INFERRED,,,,,,p1-5-behavior-extension-2026-08-27,LOW,,,2026-08-27,"AI_SUGGESTION (CANDIDATE) -- category-general reasoning, not evidence-derived. "
edge-00905,philips-floor-care,CATEGORY,ASSOCIATED_WITH_OUTCOME,FLOOR_OUT_0,OUTCOME,Behavioral,DIRECTED,LOW,INFERRED,,,,,,p1-5-behavior-extension-2026-08-27,LOW,,,2026-08-27,"AI_SUGGESTION (CANDIDATE) -- category-general reasoning, not evidence-derived. "
edge-00906,philips-floor-care,CATEGORY,ASSOCIATED_WITH_OUTCOME,FLOOR_OUT_1,OUTCOME,Behavioral,DIRECTED,LOW,INFERRED,,,,,,p1-5-behavior-extension-2026-08-27,LOW,,,2026-08-27,"AI_SUGGESTION (CANDIDATE) -- category-general reasoning, not evidence-derived. "
edge-00907,philips-floor-care,CATEGORY,ASSOCIATED_WITH_OUTCOME,FLOOR_OUT_2,OUTCOME,Behavioral,DIRECTED,LOW,INFERRED,,,,,,p1-5-behavior-extension-2026-08-27,LOW,,,2026-08-27,"AI_SUGGESTION (CANDIDATE) -- category-general reasoning, not evidence-derived. "
edge-00908,philips-floor-care,CATEGORY,ASSOCIATED_WITH_OUTCOME,FLOOR_OUT_3,OUTCOME,Behavioral,DIRECTED,LOW,INFERRED,,,,,,p1-5-behavior-extension-2026-08-27,LOW,,,2026-08-27,"AI_SUGGESTION (CANDIDATE) -- category-general reasoning, not evidence-derived. "
edge-00909,walita-vacuums,CATEGORY,SERVES_JOB,FLOOR_JOB_0,USER_JOB,Behavioral,DIRECTED,LOW,INFERRED,,,,,,p1-5-behavior-extension-2026-08-27,LOW,,,2026-08-27,"AI_SUGGESTION (CANDIDATE) -- category-general reasoning, not evidence-derived. "
edge-00910,walita-vacuums,CATEGORY,SERVES_JOB,FLOOR_JOB_1,USER_JOB,Behavioral,DIRECTED,LOW,INFERRED,,,,,,p1-5-behavior-extension-2026-08-27,LOW,,,2026-08-27,"AI_SUGGESTION (CANDIDATE) -- category-general reasoning, not evidence-derived. "
edge-00911,walita-vacuums,CATEGORY,SERVES_JOB,FLOOR_JOB_2,USER_JOB,Behavioral,DIRECTED,LOW,INFERRED,,,,,,p1-5-behavior-extension-2026-08-27,LOW,,,2026-08-27,"AI_SUGGESTION (CANDIDATE) -- category-general reasoning, not evidence-derived. "
edge-00912,walita-vacuums,CATEGORY,SERVES_JOB,FLOOR_JOB_3,USER_JOB,Behavioral,DIRECTED,LOW,INFERRED,,,,,,p1-5-behavior-extension-2026-08-27,LOW,,,2026-08-27,"AI_SUGGESTION (CANDIDATE) -- category-general reasoning, not evidence-derived. "
edge-00913,walita-vacuums,CATEGORY,SERVES_JOB,FLOOR_JOB_4,USER_JOB,Behavioral,DIRECTED,LOW,INFERRED,,,,,,p1-5-behavior-extension-2026-08-27,LOW,,,2026-08-27,"AI_SUGGESTION (CANDIDATE) -- category-general reasoning, not evidence-derived. "
edge-00914,walita-vacuums,CATEGORY,ADDRESSES_NEED,FLOOR_NEED_0,NEED,Behavioral,DIRECTED,LOW,INFERRED,,,,,,p1-5-behavior-extension-2026-08-27,LOW,,,2026-08-27,"AI_SUGGESTION (CANDIDATE) -- category-general reasoning, not evidence-derived. "
edge-00915,walita-vacuums,CATEGORY,ADDRESSES_NEED,FLOOR_NEED_1,NEED,Behavioral,DIRECTED,LOW,INFERRED,,,,,,p1-5-behavior-extension-2026-08-27,LOW,,,2026-08-27,"AI_SUGGESTION (CANDIDATE) -- category-general reasoning, not evidence-derived. "
edge-00916,walita-vacuums,CATEGORY,ADDRESSES_NEED,FLOOR_NEED_2,NEED,Behavioral,DIRECTED,LOW,INFERRED,,,,,,p1-5-behavior-extension-2026-08-27,LOW,,,2026-08-27,"AI_SUGGESTION (CANDIDATE) -- category-general reasoning, not evidence-derived. "
edge-00917,walita-vacuums,CATEGORY,ADDRESSES_NEED,FLOOR_NEED_3,NEED,Behavioral,DIRECTED,LOW,INFERRED,,,,,,p1-5-behavior-extension-2026-08-27,LOW,,,2026-08-27,"AI_SUGGESTION (CANDIDATE) -- category-general reasoning, not evidence-derived. "
edge-00918,walita-vacuums,CATEGORY,ADDRESSES_NEED,FLOOR_NEED_4,NEED,Behavioral,DIRECTED,LOW,INFERRED,,,,,,p1-5-behavior-extension-2026-08-27,LOW,,,2026-08-27,"AI_SUGGESTION (CANDIDATE) -- category-general reasoning, not evidence-derived. "
edge-00919,walita-vacuums,CATEGORY,USED_IN_CONTEXT,FLOOR_CTX_0,CONTEXT,Behavioral,DIRECTED,LOW,INFERRED,,,,,,p1-5-behavior-extension-2026-08-27,LOW,,,2026-08-27,"AI_SUGGESTION (CANDIDATE) -- category-general reasoning, not evidence-derived. "
edge-00920,walita-vacuums,CATEGORY,USED_IN_CONTEXT,FLOOR_CTX_1,CONTEXT,Behavioral,DIRECTED,LOW,INFERRED,,,,,,p1-5-behavior-extension-2026-08-27,LOW,,,2026-08-27,"AI_SUGGESTION (CANDIDATE) -- category-general reasoning, not evidence-derived. "
edge-00921,walita-vacuums,CATEGORY,USED_IN_CONTEXT,FLOOR_CTX_2,CONTEXT,Behavioral,DIRECTED,LOW,INFERRED,,,,,,p1-5-behavior-extension-2026-08-27,LOW,,,2026-08-27,"AI_SUGGESTION (CANDIDATE) -- category-general reasoning, not evidence-derived. "
edge-00922,walita-vacuums,CATEGORY,USED_IN_CONTEXT,FLOOR_CTX_3,CONTEXT,Behavioral,DIRECTED,LOW,INFERRED,,,,,,p1-5-behavior-extension-2026-08-27,LOW,,,2026-08-27,"AI_SUGGESTION (CANDIDATE) -- category-general reasoning, not evidence-derived. "
edge-00923,walita-vacuums,CATEGORY,USED_IN_CONTEXT,FLOOR_CTX_4,CONTEXT,Behavioral,DIRECTED,LOW,INFERRED,,,,,,p1-5-behavior-extension-2026-08-27,LOW,,,2026-08-27,"AI_SUGGESTION (CANDIDATE) -- category-general reasoning, not evidence-derived. "
edge-00924,walita-vacuums,CATEGORY,TRIGGERED_BY,FLOOR_TRIG_0,TRIGGER,Behavioral,DIRECTED,LOW,INFERRED,,,,,,p1-5-behavior-extension-2026-08-27,LOW,,,2026-08-27,"AI_SUGGESTION (CANDIDATE) -- category-general reasoning, not evidence-derived. "
edge-00925,walita-vacuums,CATEGORY,TRIGGERED_BY,FLOOR_TRIG_1,TRIGGER,Behavioral,DIRECTED,LOW,INFERRED,,,,,,p1-5-behavior-extension-2026-08-27,LOW,,,2026-08-27,"AI_SUGGESTION (CANDIDATE) -- category-general reasoning, not evidence-derived. "
edge-00926,walita-vacuums,CATEGORY,TRIGGERED_BY,FLOOR_TRIG_2,TRIGGER,Behavioral,DIRECTED,LOW,INFERRED,,,,,,p1-5-behavior-extension-2026-08-27,LOW,,,2026-08-27,"AI_SUGGESTION (CANDIDATE) -- category-general reasoning, not evidence-derived. "
edge-00927,walita-vacuums,CATEGORY,TRIGGERED_BY,FLOOR_TRIG_3,TRIGGER,Behavioral,DIRECTED,LOW,INFERRED,,,,,,p1-5-behavior-extension-2026-08-27,LOW,,,2026-08-27,"AI_SUGGESTION (CANDIDATE) -- category-general reasoning, not evidence-derived. "
edge-00928,walita-vacuums,CATEGORY,ENABLES_BEHAVIOR,FLOOR_BEH_0,BEHAVIOR,Behavioral,DIRECTED,LOW,INFERRED,,,,,,p1-5-behavior-extension-2026-08-27,LOW,,,2026-08-27,"AI_SUGGESTION (CANDIDATE) -- category-general reasoning, not evidence-derived. "
edge-00929,walita-vacuums,CATEGORY,ENABLES_BEHAVIOR,FLOOR_BEH_1,BEHAVIOR,Behavioral,DIRECTED,LOW,INFERRED,,,,,,p1-5-behavior-extension-2026-08-27,LOW,,,2026-08-27,"AI_SUGGESTION (CANDIDATE) -- category-general reasoning, not evidence-derived. "
edge-00930,walita-vacuums,CATEGORY,ENABLES_BEHAVIOR,FLOOR_BEH_2,BEHAVIOR,Behavioral,DIRECTED,LOW,INFERRED,,,,,,p1-5-behavior-extension-2026-08-27,LOW,,,2026-08-27,"AI_SUGGESTION (CANDIDATE) -- category-general reasoning, not evidence-derived. "
edge-00931,walita-vacuums,CATEGORY,ENABLES_BEHAVIOR,FLOOR_BEH_3,BEHAVIOR,Behavioral,DIRECTED,LOW,INFERRED,,,,,,p1-5-behavior-extension-2026-08-27,LOW,,,2026-08-27,"AI_SUGGESTION (CANDIDATE) -- category-general reasoning, not evidence-derived. "
edge-00932,walita-vacuums,CATEGORY,ENABLES_BEHAVIOR,FLOOR_BEH_4,BEHAVIOR,Behavioral,DIRECTED,LOW,INFERRED,,,,,,p1-5-behavior-extension-2026-08-27,LOW,,,2026-08-27,"AI_SUGGESTION (CANDIDATE) -- category-general reasoning, not evidence-derived. "
edge-00933,walita-vacuums,CATEGORY,CREATES_FRICTION,FLOOR_FRIC_0,FRICTION,Behavioral,DIRECTED,LOW,INFERRED,,,,,,p1-5-behavior-extension-2026-08-27,LOW,,,2026-08-27,"AI_SUGGESTION (CANDIDATE) -- category-general reasoning, not evidence-derived. "
edge-00934,walita-vacuums,CATEGORY,CREATES_FRICTION,FLOOR_FRIC_1,FRICTION,Behavioral,DIRECTED,LOW,INFERRED,,,,,,p1-5-behavior-extension-2026-08-27,LOW,,,2026-08-27,"AI_SUGGESTION (CANDIDATE) -- category-general reasoning, not evidence-derived. "
edge-00935,walita-vacuums,CATEGORY,CREATES_FRICTION,FLOOR_FRIC_2,FRICTION,Behavioral,DIRECTED,LOW,INFERRED,,,,,,p1-5-behavior-extension-2026-08-27,LOW,,,2026-08-27,"AI_SUGGESTION (CANDIDATE) -- category-general reasoning, not evidence-derived. "
edge-00936,walita-vacuums,CATEGORY,CREATES_FRICTION,FLOOR_FRIC_3,FRICTION,Behavioral,DIRECTED,LOW,INFERRED,,,,,,p1-5-behavior-extension-2026-08-27,LOW,,,2026-08-27,"AI_SUGGESTION (CANDIDATE) -- category-general reasoning, not evidence-derived. "
edge-00937,walita-vacuums,CATEGORY,CREATES_FRICTION,FLOOR_FRIC_4,FRICTION,Behavioral,DIRECTED,LOW,INFERRED,,,,,,p1-5-behavior-extension-2026-08-27,LOW,,,2026-08-27,"AI_SUGGESTION (CANDIDATE) -- category-general reasoning, not evidence-derived. "
edge-00938,walita-vacuums,CATEGORY,ASSOCIATED_WITH_OUTCOME,FLOOR_OUT_0,OUTCOME,Behavioral,DIRECTED,LOW,INFERRED,,,,,,p1-5-behavior-extension-2026-08-27,LOW,,,2026-08-27,"AI_SUGGESTION (CANDIDATE) -- category-general reasoning, not evidence-derived. "
edge-00939,walita-vacuums,CATEGORY,ASSOCIATED_WITH_OUTCOME,FLOOR_OUT_1,OUTCOME,Behavioral,DIRECTED,LOW,INFERRED,,,,,,p1-5-behavior-extension-2026-08-27,LOW,,,2026-08-27,"AI_SUGGESTION (CANDIDATE) -- category-general reasoning, not evidence-derived. "
edge-00940,walita-vacuums,CATEGORY,ASSOCIATED_WITH_OUTCOME,FLOOR_OUT_2,OUTCOME,Behavioral,DIRECTED,LOW,INFERRED,,,,,,p1-5-behavior-extension-2026-08-27,LOW,,,2026-08-27,"AI_SUGGESTION (CANDIDATE) -- category-general reasoning, not evidence-derived. "
edge-00941,walita-vacuums,CATEGORY,ASSOCIATED_WITH_OUTCOME,FLOOR_OUT_3,OUTCOME,Behavioral,DIRECTED,LOW,INFERRED,,,,,,p1-5-behavior-extension-2026-08-27,LOW,,,2026-08-27,"AI_SUGGESTION (CANDIDATE) -- category-general reasoning, not evidence-derived. "
edge-00942,philips-garment-care,CATEGORY,SERVES_JOB,GARMENT_JOB_0,USER_JOB,Behavioral,DIRECTED,LOW,INFERRED,,,,,,p1-5-behavior-extension-2026-08-27,LOW,,,2026-08-27,"AI_SUGGESTION (CANDIDATE) -- category-general reasoning, not evidence-derived. "
edge-00943,philips-garment-care,CATEGORY,SERVES_JOB,GARMENT_JOB_1,USER_JOB,Behavioral,DIRECTED,LOW,INFERRED,,,,,,p1-5-behavior-extension-2026-08-27,LOW,,,2026-08-27,"AI_SUGGESTION (CANDIDATE) -- category-general reasoning, not evidence-derived. "
edge-00944,philips-garment-care,CATEGORY,SERVES_JOB,GARMENT_JOB_2,USER_JOB,Behavioral,DIRECTED,LOW,INFERRED,,,,,,p1-5-behavior-extension-2026-08-27,LOW,,,2026-08-27,"AI_SUGGESTION (CANDIDATE) -- category-general reasoning, not evidence-derived. "
edge-00945,philips-garment-care,CATEGORY,SERVES_JOB,GARMENT_JOB_3,USER_JOB,Behavioral,DIRECTED,LOW,INFERRED,,,,,,p1-5-behavior-extension-2026-08-27,LOW,,,2026-08-27,"AI_SUGGESTION (CANDIDATE) -- category-general reasoning, not evidence-derived. "
edge-00946,philips-garment-care,CATEGORY,SERVES_JOB,GARMENT_JOB_4,USER_JOB,Behavioral,DIRECTED,LOW,INFERRED,,,,,,p1-5-behavior-extension-2026-08-27,LOW,,,2026-08-27,"AI_SUGGESTION (CANDIDATE) -- category-general reasoning, not evidence-derived. "
edge-00947,philips-garment-care,CATEGORY,ADDRESSES_NEED,GARMENT_NEED_0,NEED,Behavioral,DIRECTED,LOW,INFERRED,,,,,,p1-5-behavior-extension-2026-08-27,LOW,,,2026-08-27,"AI_SUGGESTION (CANDIDATE) -- category-general reasoning, not evidence-derived. "
edge-00948,philips-garment-care,CATEGORY,ADDRESSES_NEED,GARMENT_NEED_1,NEED,Behavioral,DIRECTED,LOW,INFERRED,,,,,,p1-5-behavior-extension-2026-08-27,LOW,,,2026-08-27,"AI_SUGGESTION (CANDIDATE) -- category-general reasoning, not evidence-derived. "
edge-00949,philips-garment-care,CATEGORY,ADDRESSES_NEED,GARMENT_NEED_2,NEED,Behavioral,DIRECTED,LOW,INFERRED,,,,,,p1-5-behavior-extension-2026-08-27,LOW,,,2026-08-27,"AI_SUGGESTION (CANDIDATE) -- category-general reasoning, not evidence-derived. "
edge-00950,philips-garment-care,CATEGORY,ADDRESSES_NEED,GARMENT_NEED_3,NEED,Behavioral,DIRECTED,LOW,INFERRED,,,,,,p1-5-behavior-extension-2026-08-27,LOW,,,2026-08-27,"AI_SUGGESTION (CANDIDATE) -- category-general reasoning, not evidence-derived. "
edge-00951,philips-garment-care,CATEGORY,ADDRESSES_NEED,GARMENT_NEED_4,NEED,Behavioral,DIRECTED,LOW,INFERRED,,,,,,p1-5-behavior-extension-2026-08-27,LOW,,,2026-08-27,"AI_SUGGESTION (CANDIDATE) -- category-general reasoning, not evidence-derived. "
edge-00952,philips-garment-care,CATEGORY,USED_IN_CONTEXT,GARMENT_CTX_0,CONTEXT,Behavioral,DIRECTED,LOW,INFERRED,,,,,,p1-5-behavior-extension-2026-08-27,LOW,,,2026-08-27,"AI_SUGGESTION (CANDIDATE) -- category-general reasoning, not evidence-derived. "
edge-00953,philips-garment-care,CATEGORY,USED_IN_CONTEXT,GARMENT_CTX_1,CONTEXT,Behavioral,DIRECTED,LOW,INFERRED,,,,,,p1-5-behavior-extension-2026-08-27,LOW,,,2026-08-27,"AI_SUGGESTION (CANDIDATE) -- category-general reasoning, not evidence-derived. "
edge-00954,philips-garment-care,CATEGORY,USED_IN_CONTEXT,GARMENT_CTX_2,CONTEXT,Behavioral,DIRECTED,LOW,INFERRED,,,,,,p1-5-behavior-extension-2026-08-27,LOW,,,2026-08-27,"AI_SUGGESTION (CANDIDATE) -- category-general reasoning, not evidence-derived. "
edge-00955,philips-garment-care,CATEGORY,USED_IN_CONTEXT,GARMENT_CTX_3,CONTEXT,Behavioral,DIRECTED,LOW,INFERRED,,,,,,p1-5-behavior-extension-2026-08-27,LOW,,,2026-08-27,"AI_SUGGESTION (CANDIDATE) -- category-general reasoning, not evidence-derived. "
edge-00956,philips-garment-care,CATEGORY,USED_IN_CONTEXT,GARMENT_CTX_4,CONTEXT,Behavioral,DIRECTED,LOW,INFERRED,,,,,,p1-5-behavior-extension-2026-08-27,LOW,,,2026-08-27,"AI_SUGGESTION (CANDIDATE) -- category-general reasoning, not evidence-derived. "
edge-00957,philips-garment-care,CATEGORY,TRIGGERED_BY,GARMENT_TRIG_0,TRIGGER,Behavioral,DIRECTED,LOW,INFERRED,,,,,,p1-5-behavior-extension-2026-08-27,LOW,,,2026-08-27,"AI_SUGGESTION (CANDIDATE) -- category-general reasoning, not evidence-derived. "
edge-00958,philips-garment-care,CATEGORY,TRIGGERED_BY,GARMENT_TRIG_1,TRIGGER,Behavioral,DIRECTED,LOW,INFERRED,,,,,,p1-5-behavior-extension-2026-08-27,LOW,,,2026-08-27,"AI_SUGGESTION (CANDIDATE) -- category-general reasoning, not evidence-derived. "
edge-00959,philips-garment-care,CATEGORY,TRIGGERED_BY,GARMENT_TRIG_2,TRIGGER,Behavioral,DIRECTED,LOW,INFERRED,,,,,,p1-5-behavior-extension-2026-08-27,LOW,,,2026-08-27,"AI_SUGGESTION (CANDIDATE) -- category-general reasoning, not evidence-derived. "
edge-00960,philips-garment-care,CATEGORY,TRIGGERED_BY,GARMENT_TRIG_3,TRIGGER,Behavioral,DIRECTED,LOW,INFERRED,,,,,,p1-5-behavior-extension-2026-08-27,LOW,,,2026-08-27,"AI_SUGGESTION (CANDIDATE) -- category-general reasoning, not evidence-derived. "
edge-00961,philips-garment-care,CATEGORY,ENABLES_BEHAVIOR,GARMENT_BEH_0,BEHAVIOR,Behavioral,DIRECTED,LOW,INFERRED,,,,,,p1-5-behavior-extension-2026-08-27,LOW,,,2026-08-27,"AI_SUGGESTION (CANDIDATE) -- category-general reasoning, not evidence-derived. "
edge-00962,philips-garment-care,CATEGORY,ENABLES_BEHAVIOR,GARMENT_BEH_1,BEHAVIOR,Behavioral,DIRECTED,LOW,INFERRED,,,,,,p1-5-behavior-extension-2026-08-27,LOW,,,2026-08-27,"AI_SUGGESTION (CANDIDATE) -- category-general reasoning, not evidence-derived. "
edge-00963,philips-garment-care,CATEGORY,ENABLES_BEHAVIOR,GARMENT_BEH_2,BEHAVIOR,Behavioral,DIRECTED,LOW,INFERRED,,,,,,p1-5-behavior-extension-2026-08-27,LOW,,,2026-08-27,"AI_SUGGESTION (CANDIDATE) -- category-general reasoning, not evidence-derived. "
edge-00964,philips-garment-care,CATEGORY,ENABLES_BEHAVIOR,GARMENT_BEH_3,BEHAVIOR,Behavioral,DIRECTED,LOW,INFERRED,,,,,,p1-5-behavior-extension-2026-08-27,LOW,,,2026-08-27,"AI_SUGGESTION (CANDIDATE) -- category-general reasoning, not evidence-derived. "
edge-00965,philips-garment-care,CATEGORY,ENABLES_BEHAVIOR,GARMENT_BEH_4,BEHAVIOR,Behavioral,DIRECTED,LOW,INFERRED,,,,,,p1-5-behavior-extension-2026-08-27,LOW,,,2026-08-27,"AI_SUGGESTION (CANDIDATE) -- category-general reasoning, not evidence-derived. "
edge-00966,philips-garment-care,CATEGORY,CREATES_FRICTION,GARMENT_FRIC_0,FRICTION,Behavioral,DIRECTED,LOW,INFERRED,,,,,,p1-5-behavior-extension-2026-08-27,LOW,,,2026-08-27,"AI_SUGGESTION (CANDIDATE) -- category-general reasoning, not evidence-derived. "
edge-00967,philips-garment-care,CATEGORY,CREATES_FRICTION,GARMENT_FRIC_1,FRICTION,Behavioral,DIRECTED,LOW,INFERRED,,,,,,p1-5-behavior-extension-2026-08-27,LOW,,,2026-08-27,"AI_SUGGESTION (CANDIDATE) -- category-general reasoning, not evidence-derived. "
edge-00968,philips-garment-care,CATEGORY,CREATES_FRICTION,GARMENT_FRIC_2,FRICTION,Behavioral,DIRECTED,LOW,INFERRED,,,,,,p1-5-behavior-extension-2026-08-27,LOW,,,2026-08-27,"AI_SUGGESTION (CANDIDATE) -- category-general reasoning, not evidence-derived. "
edge-00969,philips-garment-care,CATEGORY,CREATES_FRICTION,GARMENT_FRIC_3,FRICTION,Behavioral,DIRECTED,LOW,INFERRED,,,,,,p1-5-behavior-extension-2026-08-27,LOW,,,2026-08-27,"AI_SUGGESTION (CANDIDATE) -- category-general reasoning, not evidence-derived. "
edge-00970,philips-garment-care,CATEGORY,CREATES_FRICTION,GARMENT_FRIC_4,FRICTION,Behavioral,DIRECTED,LOW,INFERRED,,,,,,p1-5-behavior-extension-2026-08-27,LOW,,,2026-08-27,"AI_SUGGESTION (CANDIDATE) -- category-general reasoning, not evidence-derived. "
edge-00971,philips-garment-care,CATEGORY,ASSOCIATED_WITH_OUTCOME,GARMENT_OUT_0,OUTCOME,Behavioral,DIRECTED,LOW,INFERRED,,,,,,p1-5-behavior-extension-2026-08-27,LOW,,,2026-08-27,"AI_SUGGESTION (CANDIDATE) -- category-general reasoning, not evidence-derived. "
edge-00972,philips-garment-care,CATEGORY,ASSOCIATED_WITH_OUTCOME,GARMENT_OUT_1,OUTCOME,Behavioral,DIRECTED,LOW,INFERRED,,,,,,p1-5-behavior-extension-2026-08-27,LOW,,,2026-08-27,"AI_SUGGESTION (CANDIDATE) -- category-general reasoning, not evidence-derived. "
edge-00973,philips-garment-care,CATEGORY,ASSOCIATED_WITH_OUTCOME,GARMENT_OUT_2,OUTCOME,Behavioral,DIRECTED,LOW,INFERRED,,,,,,p1-5-behavior-extension-2026-08-27,LOW,,,2026-08-27,"AI_SUGGESTION (CANDIDATE) -- category-general reasoning, not evidence-derived. "
edge-00974,philips-garment-care,CATEGORY,ASSOCIATED_WITH_OUTCOME,GARMENT_OUT_3,OUTCOME,Behavioral,DIRECTED,LOW,INFERRED,,,,,,p1-5-behavior-extension-2026-08-27,LOW,,,2026-08-27,"AI_SUGGESTION (CANDIDATE) -- category-general reasoning, not evidence-derived. "
edge-00975,philips-home-safety,CATEGORY,SERVES_JOB,HOMESAFE_JOB_0,USER_JOB,Behavioral,DIRECTED,LOW,INFERRED,,,,,,p1-5-behavior-extension-2026-08-27,LOW,,,2026-08-27,"AI_SUGGESTION (CANDIDATE) -- category-general reasoning, not evidence-derived. "
edge-00976,philips-home-safety,CATEGORY,SERVES_JOB,HOMESAFE_JOB_1,USER_JOB,Behavioral,DIRECTED,LOW,INFERRED,,,,,,p1-5-behavior-extension-2026-08-27,LOW,,,2026-08-27,"AI_SUGGESTION (CANDIDATE) -- category-general reasoning, not evidence-derived. "
edge-00977,philips-home-safety,CATEGORY,SERVES_JOB,HOMESAFE_JOB_2,USER_JOB,Behavioral,DIRECTED,LOW,INFERRED,,,,,,p1-5-behavior-extension-2026-08-27,LOW,,,2026-08-27,"AI_SUGGESTION (CANDIDATE) -- category-general reasoning, not evidence-derived. "
edge-00978,philips-home-safety,CATEGORY,SERVES_JOB,HOMESAFE_JOB_3,USER_JOB,Behavioral,DIRECTED,LOW,INFERRED,,,,,,p1-5-behavior-extension-2026-08-27,LOW,,,2026-08-27,"AI_SUGGESTION (CANDIDATE) -- category-general reasoning, not evidence-derived. "
edge-00979,philips-home-safety,CATEGORY,SERVES_JOB,HOMESAFE_JOB_4,USER_JOB,Behavioral,DIRECTED,LOW,INFERRED,,,,,,p1-5-behavior-extension-2026-08-27,LOW,,,2026-08-27,"AI_SUGGESTION (CANDIDATE) -- category-general reasoning, not evidence-derived. "
edge-00980,philips-home-safety,CATEGORY,ADDRESSES_NEED,HOMESAFE_NEED_0,NEED,Behavioral,DIRECTED,LOW,INFERRED,,,,,,p1-5-behavior-extension-2026-08-27,LOW,,,2026-08-27,"AI_SUGGESTION (CANDIDATE) -- category-general reasoning, not evidence-derived. "
edge-00981,philips-home-safety,CATEGORY,ADDRESSES_NEED,HOMESAFE_NEED_1,NEED,Behavioral,DIRECTED,LOW,INFERRED,,,,,,p1-5-behavior-extension-2026-08-27,LOW,,,2026-08-27,"AI_SUGGESTION (CANDIDATE) -- category-general reasoning, not evidence-derived. "
edge-00982,philips-home-safety,CATEGORY,ADDRESSES_NEED,HOMESAFE_NEED_2,NEED,Behavioral,DIRECTED,LOW,INFERRED,,,,,,p1-5-behavior-extension-2026-08-27,LOW,,,2026-08-27,"AI_SUGGESTION (CANDIDATE) -- category-general reasoning, not evidence-derived. "
edge-00983,philips-home-safety,CATEGORY,ADDRESSES_NEED,HOMESAFE_NEED_3,NEED,Behavioral,DIRECTED,LOW,INFERRED,,,,,,p1-5-behavior-extension-2026-08-27,LOW,,,2026-08-27,"AI_SUGGESTION (CANDIDATE) -- category-general reasoning, not evidence-derived. "
edge-00984,philips-home-safety,CATEGORY,ADDRESSES_NEED,HOMESAFE_NEED_4,NEED,Behavioral,DIRECTED,LOW,INFERRED,,,,,,p1-5-behavior-extension-2026-08-27,LOW,,,2026-08-27,"AI_SUGGESTION (CANDIDATE) -- category-general reasoning, not evidence-derived. "
edge-00985,philips-home-safety,CATEGORY,USED_IN_CONTEXT,HOMESAFE_CTX_0,CONTEXT,Behavioral,DIRECTED,LOW,INFERRED,,,,,,p1-5-behavior-extension-2026-08-27,LOW,,,2026-08-27,"AI_SUGGESTION (CANDIDATE) -- category-general reasoning, not evidence-derived. "
edge-00986,philips-home-safety,CATEGORY,USED_IN_CONTEXT,HOMESAFE_CTX_1,CONTEXT,Behavioral,DIRECTED,LOW,INFERRED,,,,,,p1-5-behavior-extension-2026-08-27,LOW,,,2026-08-27,"AI_SUGGESTION (CANDIDATE) -- category-general reasoning, not evidence-derived. "
edge-00987,philips-home-safety,CATEGORY,USED_IN_CONTEXT,HOMESAFE_CTX_2,CONTEXT,Behavioral,DIRECTED,LOW,INFERRED,,,,,,p1-5-behavior-extension-2026-08-27,LOW,,,2026-08-27,"AI_SUGGESTION (CANDIDATE) -- category-general reasoning, not evidence-derived. "
edge-00988,philips-home-safety,CATEGORY,USED_IN_CONTEXT,HOMESAFE_CTX_3,CONTEXT,Behavioral,DIRECTED,LOW,INFERRED,,,,,,p1-5-behavior-extension-2026-08-27,LOW,,,2026-08-27,"AI_SUGGESTION (CANDIDATE) -- category-general reasoning, not evidence-derived. "
edge-00989,philips-home-safety,CATEGORY,USED_IN_CONTEXT,HOMESAFE_CTX_4,CONTEXT,Behavioral,DIRECTED,LOW,INFERRED,,,,,,p1-5-behavior-extension-2026-08-27,LOW,,,2026-08-27,"AI_SUGGESTION (CANDIDATE) -- category-general reasoning, not evidence-derived. "
edge-00990,philips-home-safety,CATEGORY,TRIGGERED_BY,HOMESAFE_TRIG_0,TRIGGER,Behavioral,DIRECTED,LOW,INFERRED,,,,,,p1-5-behavior-extension-2026-08-27,LOW,,,2026-08-27,"AI_SUGGESTION (CANDIDATE) -- category-general reasoning, not evidence-derived. "
edge-00991,philips-home-safety,CATEGORY,TRIGGERED_BY,HOMESAFE_TRIG_1,TRIGGER,Behavioral,DIRECTED,LOW,INFERRED,,,,,,p1-5-behavior-extension-2026-08-27,LOW,,,2026-08-27,"AI_SUGGESTION (CANDIDATE) -- category-general reasoning, not evidence-derived. "
edge-00992,philips-home-safety,CATEGORY,TRIGGERED_BY,HOMESAFE_TRIG_2,TRIGGER,Behavioral,DIRECTED,LOW,INFERRED,,,,,,p1-5-behavior-extension-2026-08-27,LOW,,,2026-08-27,"AI_SUGGESTION (CANDIDATE) -- category-general reasoning, not evidence-derived. "
edge-00993,philips-home-safety,CATEGORY,TRIGGERED_BY,HOMESAFE_TRIG_3,TRIGGER,Behavioral,DIRECTED,LOW,INFERRED,,,,,,p1-5-behavior-extension-2026-08-27,LOW,,,2026-08-27,"AI_SUGGESTION (CANDIDATE) -- category-general reasoning, not evidence-derived. "
edge-00994,philips-home-safety,CATEGORY,TRIGGERED_BY,HOMESAFE_TRIG_4,TRIGGER,Behavioral,DIRECTED,LOW,INFERRED,,,,,,p1-5-behavior-extension-2026-08-27,LOW,,,2026-08-27,"AI_SUGGESTION (CANDIDATE) -- category-general reasoning, not evidence-derived. "
edge-00995,philips-home-safety,CATEGORY,ENABLES_BEHAVIOR,HOMESAFE_BEH_0,BEHAVIOR,Behavioral,DIRECTED,LOW,INFERRED,,,,,,p1-5-behavior-extension-2026-08-27,LOW,,,2026-08-27,"AI_SUGGESTION (CANDIDATE) -- category-general reasoning, not evidence-derived. "
edge-00996,philips-home-safety,CATEGORY,ENABLES_BEHAVIOR,HOMESAFE_BEH_1,BEHAVIOR,Behavioral,DIRECTED,LOW,INFERRED,,,,,,p1-5-behavior-extension-2026-08-27,LOW,,,2026-08-27,"AI_SUGGESTION (CANDIDATE) -- category-general reasoning, not evidence-derived. "
edge-00997,philips-home-safety,CATEGORY,ENABLES_BEHAVIOR,HOMESAFE_BEH_2,BEHAVIOR,Behavioral,DIRECTED,LOW,INFERRED,,,,,,p1-5-behavior-extension-2026-08-27,LOW,,,2026-08-27,"AI_SUGGESTION (CANDIDATE) -- category-general reasoning, not evidence-derived. "
edge-00998,philips-home-safety,CATEGORY,ENABLES_BEHAVIOR,HOMESAFE_BEH_3,BEHAVIOR,Behavioral,DIRECTED,LOW,INFERRED,,,,,,p1-5-behavior-extension-2026-08-27,LOW,,,2026-08-27,"AI_SUGGESTION (CANDIDATE) -- category-general reasoning, not evidence-derived. "
edge-00999,philips-home-safety,CATEGORY,ENABLES_BEHAVIOR,HOMESAFE_BEH_4,BEHAVIOR,Behavioral,DIRECTED,LOW,INFERRED,,,,,,p1-5-behavior-extension-2026-08-27,LOW,,,2026-08-27,"AI_SUGGESTION (CANDIDATE) -- category-general reasoning, not evidence-derived. "
edge-01000,philips-home-safety,CATEGORY,CREATES_FRICTION,HOMESAFE_FRIC_0,FRICTION,Behavioral,DIRECTED,LOW,INFERRED,,,,,,p1-5-behavior-extension-2026-08-27,LOW,,,2026-08-27,"AI_SUGGESTION (CANDIDATE) -- category-general reasoning, not evidence-derived. "
edge-01001,philips-home-safety,CATEGORY,CREATES_FRICTION,HOMESAFE_FRIC_1,FRICTION,Behavioral,DIRECTED,LOW,INFERRED,,,,,,p1-5-behavior-extension-2026-08-27,LOW,,,2026-08-27,"AI_SUGGESTION (CANDIDATE) -- category-general reasoning, not evidence-derived. "
edge-01002,philips-home-safety,CATEGORY,CREATES_FRICTION,HOMESAFE_FRIC_2,FRICTION,Behavioral,DIRECTED,LOW,INFERRED,,,,,,p1-5-behavior-extension-2026-08-27,LOW,,,2026-08-27,"AI_SUGGESTION (CANDIDATE) -- category-general reasoning, not evidence-derived. "
edge-01003,philips-home-safety,CATEGORY,CREATES_FRICTION,HOMESAFE_FRIC_3,FRICTION,Behavioral,DIRECTED,LOW,INFERRED,,,,,,p1-5-behavior-extension-2026-08-27,LOW,,,2026-08-27,"AI_SUGGESTION (CANDIDATE) -- category-general reasoning, not evidence-derived. "
edge-01004,philips-home-safety,CATEGORY,CREATES_FRICTION,HOMESAFE_FRIC_4,FRICTION,Behavioral,DIRECTED,LOW,INFERRED,,,,,,p1-5-behavior-extension-2026-08-27,LOW,,,2026-08-27,"AI_SUGGESTION (CANDIDATE) -- category-general reasoning, not evidence-derived. "
edge-01005,philips-home-safety,CATEGORY,ASSOCIATED_WITH_OUTCOME,HOMESAFE_OUT_0,OUTCOME,Behavioral,DIRECTED,LOW,INFERRED,,,,,,p1-5-behavior-extension-2026-08-27,LOW,,,2026-08-27,"AI_SUGGESTION (CANDIDATE) -- category-general reasoning, not evidence-derived. "
edge-01006,philips-home-safety,CATEGORY,ASSOCIATED_WITH_OUTCOME,HOMESAFE_OUT_1,OUTCOME,Behavioral,DIRECTED,LOW,INFERRED,,,,,,p1-5-behavior-extension-2026-08-27,LOW,,,2026-08-27,"AI_SUGGESTION (CANDIDATE) -- category-general reasoning, not evidence-derived. "
edge-01007,philips-home-safety,CATEGORY,ASSOCIATED_WITH_OUTCOME,HOMESAFE_OUT_2,OUTCOME,Behavioral,DIRECTED,LOW,INFERRED,,,,,,p1-5-behavior-extension-2026-08-27,LOW,,,2026-08-27,"AI_SUGGESTION (CANDIDATE) -- category-general reasoning, not evidence-derived. "
edge-01008,philips-home-safety,CATEGORY,ASSOCIATED_WITH_OUTCOME,HOMESAFE_OUT_3,OUTCOME,Behavioral,DIRECTED,LOW,INFERRED,,,,,,p1-5-behavior-extension-2026-08-27,LOW,,,2026-08-27,"AI_SUGGESTION (CANDIDATE) -- category-general reasoning, not evidence-derived. "
edge-01009,philips-pet-care,CATEGORY,SERVES_JOB,PET_JOB_0,USER_JOB,Behavioral,DIRECTED,LOW,INFERRED,,,,,,p1-5-behavior-extension-2026-08-27,LOW,,,2026-08-27,"AI_SUGGESTION (CANDIDATE) -- category-general reasoning, not evidence-derived. "
edge-01010,philips-pet-care,CATEGORY,SERVES_JOB,PET_JOB_1,USER_JOB,Behavioral,DIRECTED,LOW,INFERRED,,,,,,p1-5-behavior-extension-2026-08-27,LOW,,,2026-08-27,"AI_SUGGESTION (CANDIDATE) -- category-general reasoning, not evidence-derived. "
edge-01011,philips-pet-care,CATEGORY,SERVES_JOB,PET_JOB_2,USER_JOB,Behavioral,DIRECTED,LOW,INFERRED,,,,,,p1-5-behavior-extension-2026-08-27,LOW,,,2026-08-27,"AI_SUGGESTION (CANDIDATE) -- category-general reasoning, not evidence-derived. "
edge-01012,philips-pet-care,CATEGORY,SERVES_JOB,PET_JOB_3,USER_JOB,Behavioral,DIRECTED,LOW,INFERRED,,,,,,p1-5-behavior-extension-2026-08-27,LOW,,,2026-08-27,"AI_SUGGESTION (CANDIDATE) -- category-general reasoning, not evidence-derived. "
edge-01013,philips-pet-care,CATEGORY,SERVES_JOB,PET_JOB_4,USER_JOB,Behavioral,DIRECTED,LOW,INFERRED,,,,,,p1-5-behavior-extension-2026-08-27,LOW,,,2026-08-27,"AI_SUGGESTION (CANDIDATE) -- category-general reasoning, not evidence-derived. "
edge-01014,philips-pet-care,CATEGORY,ADDRESSES_NEED,PET_NEED_0,NEED,Behavioral,DIRECTED,LOW,INFERRED,,,,,,p1-5-behavior-extension-2026-08-27,LOW,,,2026-08-27,"AI_SUGGESTION (CANDIDATE) -- category-general reasoning, not evidence-derived. "
edge-01015,philips-pet-care,CATEGORY,ADDRESSES_NEED,PET_NEED_1,NEED,Behavioral,DIRECTED,LOW,INFERRED,,,,,,p1-5-behavior-extension-2026-08-27,LOW,,,2026-08-27,"AI_SUGGESTION (CANDIDATE) -- category-general reasoning, not evidence-derived. "
edge-01016,philips-pet-care,CATEGORY,ADDRESSES_NEED,PET_NEED_2,NEED,Behavioral,DIRECTED,LOW,INFERRED,,,,,,p1-5-behavior-extension-2026-08-27,LOW,,,2026-08-27,"AI_SUGGESTION (CANDIDATE) -- category-general reasoning, not evidence-derived. "
edge-01017,philips-pet-care,CATEGORY,ADDRESSES_NEED,PET_NEED_3,NEED,Behavioral,DIRECTED,LOW,INFERRED,,,,,,p1-5-behavior-extension-2026-08-27,LOW,,,2026-08-27,"AI_SUGGESTION (CANDIDATE) -- category-general reasoning, not evidence-derived. "
edge-01018,philips-pet-care,CATEGORY,ADDRESSES_NEED,PET_NEED_4,NEED,Behavioral,DIRECTED,LOW,INFERRED,,,,,,p1-5-behavior-extension-2026-08-27,LOW,,,2026-08-27,"AI_SUGGESTION (CANDIDATE) -- category-general reasoning, not evidence-derived. "
edge-01019,philips-pet-care,CATEGORY,USED_IN_CONTEXT,PET_CTX_0,CONTEXT,Behavioral,DIRECTED,LOW,INFERRED,,,,,,p1-5-behavior-extension-2026-08-27,LOW,,,2026-08-27,"AI_SUGGESTION (CANDIDATE) -- category-general reasoning, not evidence-derived. "
edge-01020,philips-pet-care,CATEGORY,USED_IN_CONTEXT,PET_CTX_1,CONTEXT,Behavioral,DIRECTED,LOW,INFERRED,,,,,,p1-5-behavior-extension-2026-08-27,LOW,,,2026-08-27,"AI_SUGGESTION (CANDIDATE) -- category-general reasoning, not evidence-derived. "
edge-01021,philips-pet-care,CATEGORY,USED_IN_CONTEXT,PET_CTX_2,CONTEXT,Behavioral,DIRECTED,LOW,INFERRED,,,,,,p1-5-behavior-extension-2026-08-27,LOW,,,2026-08-27,"AI_SUGGESTION (CANDIDATE) -- category-general reasoning, not evidence-derived. "
edge-01022,philips-pet-care,CATEGORY,USED_IN_CONTEXT,PET_CTX_3,CONTEXT,Behavioral,DIRECTED,LOW,INFERRED,,,,,,p1-5-behavior-extension-2026-08-27,LOW,,,2026-08-27,"AI_SUGGESTION (CANDIDATE) -- category-general reasoning, not evidence-derived. "
edge-01023,philips-pet-care,CATEGORY,TRIGGERED_BY,PET_TRIG_0,TRIGGER,Behavioral,DIRECTED,LOW,INFERRED,,,,,,p1-5-behavior-extension-2026-08-27,LOW,,,2026-08-27,"AI_SUGGESTION (CANDIDATE) -- category-general reasoning, not evidence-derived. "
edge-01024,philips-pet-care,CATEGORY,TRIGGERED_BY,PET_TRIG_1,TRIGGER,Behavioral,DIRECTED,LOW,INFERRED,,,,,,p1-5-behavior-extension-2026-08-27,LOW,,,2026-08-27,"AI_SUGGESTION (CANDIDATE) -- category-general reasoning, not evidence-derived. "
edge-01025,philips-pet-care,CATEGORY,TRIGGERED_BY,PET_TRIG_2,TRIGGER,Behavioral,DIRECTED,LOW,INFERRED,,,,,,p1-5-behavior-extension-2026-08-27,LOW,,,2026-08-27,"AI_SUGGESTION (CANDIDATE) -- category-general reasoning, not evidence-derived. "
edge-01026,philips-pet-care,CATEGORY,TRIGGERED_BY,PET_TRIG_3,TRIGGER,Behavioral,DIRECTED,LOW,INFERRED,,,,,,p1-5-behavior-extension-2026-08-27,LOW,,,2026-08-27,"AI_SUGGESTION (CANDIDATE) -- category-general reasoning, not evidence-derived. "
edge-01027,philips-pet-care,CATEGORY,ENABLES_BEHAVIOR,PET_BEH_0,BEHAVIOR,Behavioral,DIRECTED,LOW,INFERRED,,,,,,p1-5-behavior-extension-2026-08-27,LOW,,,2026-08-27,"AI_SUGGESTION (CANDIDATE) -- category-general reasoning, not evidence-derived. "
edge-01028,philips-pet-care,CATEGORY,ENABLES_BEHAVIOR,PET_BEH_1,BEHAVIOR,Behavioral,DIRECTED,LOW,INFERRED,,,,,,p1-5-behavior-extension-2026-08-27,LOW,,,2026-08-27,"AI_SUGGESTION (CANDIDATE) -- category-general reasoning, not evidence-derived. "
edge-01029,philips-pet-care,CATEGORY,ENABLES_BEHAVIOR,PET_BEH_2,BEHAVIOR,Behavioral,DIRECTED,LOW,INFERRED,,,,,,p1-5-behavior-extension-2026-08-27,LOW,,,2026-08-27,"AI_SUGGESTION (CANDIDATE) -- category-general reasoning, not evidence-derived. "
edge-01030,philips-pet-care,CATEGORY,ENABLES_BEHAVIOR,PET_BEH_3,BEHAVIOR,Behavioral,DIRECTED,LOW,INFERRED,,,,,,p1-5-behavior-extension-2026-08-27,LOW,,,2026-08-27,"AI_SUGGESTION (CANDIDATE) -- category-general reasoning, not evidence-derived. "
edge-01031,philips-pet-care,CATEGORY,ENABLES_BEHAVIOR,PET_BEH_4,BEHAVIOR,Behavioral,DIRECTED,LOW,INFERRED,,,,,,p1-5-behavior-extension-2026-08-27,LOW,,,2026-08-27,"AI_SUGGESTION (CANDIDATE) -- category-general reasoning, not evidence-derived. "
edge-01032,philips-pet-care,CATEGORY,CREATES_FRICTION,PET_FRIC_0,FRICTION,Behavioral,DIRECTED,LOW,INFERRED,,,,,,p1-5-behavior-extension-2026-08-27,LOW,,,2026-08-27,"AI_SUGGESTION (CANDIDATE) -- category-general reasoning, not evidence-derived. "
edge-01033,philips-pet-care,CATEGORY,CREATES_FRICTION,PET_FRIC_1,FRICTION,Behavioral,DIRECTED,LOW,INFERRED,,,,,,p1-5-behavior-extension-2026-08-27,LOW,,,2026-08-27,"AI_SUGGESTION (CANDIDATE) -- category-general reasoning, not evidence-derived. "
edge-01034,philips-pet-care,CATEGORY,CREATES_FRICTION,PET_FRIC_2,FRICTION,Behavioral,DIRECTED,LOW,INFERRED,,,,,,p1-5-behavior-extension-2026-08-27,LOW,,,2026-08-27,"AI_SUGGESTION (CANDIDATE) -- category-general reasoning, not evidence-derived. "
edge-01035,philips-pet-care,CATEGORY,CREATES_FRICTION,PET_FRIC_3,FRICTION,Behavioral,DIRECTED,LOW,INFERRED,,,,,,p1-5-behavior-extension-2026-08-27,LOW,,,2026-08-27,"AI_SUGGESTION (CANDIDATE) -- category-general reasoning, not evidence-derived. "
edge-01036,philips-pet-care,CATEGORY,ASSOCIATED_WITH_OUTCOME,PET_OUT_0,OUTCOME,Behavioral,DIRECTED,LOW,INFERRED,,,,,,p1-5-behavior-extension-2026-08-27,LOW,,,2026-08-27,"AI_SUGGESTION (CANDIDATE) -- category-general reasoning, not evidence-derived. "
edge-01037,philips-pet-care,CATEGORY,ASSOCIATED_WITH_OUTCOME,PET_OUT_1,OUTCOME,Behavioral,DIRECTED,LOW,INFERRED,,,,,,p1-5-behavior-extension-2026-08-27,LOW,,,2026-08-27,"AI_SUGGESTION (CANDIDATE) -- category-general reasoning, not evidence-derived. "
edge-01038,philips-pet-care,CATEGORY,ASSOCIATED_WITH_OUTCOME,PET_OUT_2,OUTCOME,Behavioral,DIRECTED,LOW,INFERRED,,,,,,p1-5-behavior-extension-2026-08-27,LOW,,,2026-08-27,"AI_SUGGESTION (CANDIDATE) -- category-general reasoning, not evidence-derived. "
edge-01039,philips-garden-care,CATEGORY,SERVES_JOB,GARDEN_JOB_0,USER_JOB,Behavioral,DIRECTED,LOW,INFERRED,,,,,,p1-5-behavior-extension-2026-08-27,LOW,,,2026-08-27,"AI_SUGGESTION (CANDIDATE) -- category-general reasoning, not evidence-derived. "
edge-01040,philips-garden-care,CATEGORY,SERVES_JOB,GARDEN_JOB_1,USER_JOB,Behavioral,DIRECTED,LOW,INFERRED,,,,,,p1-5-behavior-extension-2026-08-27,LOW,,,2026-08-27,"AI_SUGGESTION (CANDIDATE) -- category-general reasoning, not evidence-derived. "
edge-01041,philips-garden-care,CATEGORY,SERVES_JOB,GARDEN_JOB_2,USER_JOB,Behavioral,DIRECTED,LOW,INFERRED,,,,,,p1-5-behavior-extension-2026-08-27,LOW,,,2026-08-27,"AI_SUGGESTION (CANDIDATE) -- category-general reasoning, not evidence-derived. "
edge-01042,philips-garden-care,CATEGORY,SERVES_JOB,GARDEN_JOB_3,USER_JOB,Behavioral,DIRECTED,LOW,INFERRED,,,,,,p1-5-behavior-extension-2026-08-27,LOW,,,2026-08-27,"AI_SUGGESTION (CANDIDATE) -- category-general reasoning, not evidence-derived. "
edge-01043,philips-garden-care,CATEGORY,ADDRESSES_NEED,GARDEN_NEED_0,NEED,Behavioral,DIRECTED,LOW,INFERRED,,,,,,p1-5-behavior-extension-2026-08-27,LOW,,,2026-08-27,"AI_SUGGESTION (CANDIDATE) -- category-general reasoning, not evidence-derived. "
edge-01044,philips-garden-care,CATEGORY,ADDRESSES_NEED,GARDEN_NEED_1,NEED,Behavioral,DIRECTED,LOW,INFERRED,,,,,,p1-5-behavior-extension-2026-08-27,LOW,,,2026-08-27,"AI_SUGGESTION (CANDIDATE) -- category-general reasoning, not evidence-derived. "
edge-01045,philips-garden-care,CATEGORY,ADDRESSES_NEED,GARDEN_NEED_2,NEED,Behavioral,DIRECTED,LOW,INFERRED,,,,,,p1-5-behavior-extension-2026-08-27,LOW,,,2026-08-27,"AI_SUGGESTION (CANDIDATE) -- category-general reasoning, not evidence-derived. "
edge-01046,philips-garden-care,CATEGORY,ADDRESSES_NEED,GARDEN_NEED_3,NEED,Behavioral,DIRECTED,LOW,INFERRED,,,,,,p1-5-behavior-extension-2026-08-27,LOW,,,2026-08-27,"AI_SUGGESTION (CANDIDATE) -- category-general reasoning, not evidence-derived. "
edge-01047,philips-garden-care,CATEGORY,ADDRESSES_NEED,GARDEN_NEED_4,NEED,Behavioral,DIRECTED,LOW,INFERRED,,,,,,p1-5-behavior-extension-2026-08-27,LOW,,,2026-08-27,"AI_SUGGESTION (CANDIDATE) -- category-general reasoning, not evidence-derived. "
edge-01048,philips-garden-care,CATEGORY,USED_IN_CONTEXT,GARDEN_CTX_0,CONTEXT,Behavioral,DIRECTED,LOW,INFERRED,,,,,,p1-5-behavior-extension-2026-08-27,LOW,,,2026-08-27,"AI_SUGGESTION (CANDIDATE) -- category-general reasoning, not evidence-derived. "
edge-01049,philips-garden-care,CATEGORY,USED_IN_CONTEXT,GARDEN_CTX_1,CONTEXT,Behavioral,DIRECTED,LOW,INFERRED,,,,,,p1-5-behavior-extension-2026-08-27,LOW,,,2026-08-27,"AI_SUGGESTION (CANDIDATE) -- category-general reasoning, not evidence-derived. "
edge-01050,philips-garden-care,CATEGORY,USED_IN_CONTEXT,GARDEN_CTX_2,CONTEXT,Behavioral,DIRECTED,LOW,INFERRED,,,,,,p1-5-behavior-extension-2026-08-27,LOW,,,2026-08-27,"AI_SUGGESTION (CANDIDATE) -- category-general reasoning, not evidence-derived. "
edge-01051,philips-garden-care,CATEGORY,USED_IN_CONTEXT,GARDEN_CTX_3,CONTEXT,Behavioral,DIRECTED,LOW,INFERRED,,,,,,p1-5-behavior-extension-2026-08-27,LOW,,,2026-08-27,"AI_SUGGESTION (CANDIDATE) -- category-general reasoning, not evidence-derived. "
edge-01052,philips-garden-care,CATEGORY,TRIGGERED_BY,GARDEN_TRIG_0,TRIGGER,Behavioral,DIRECTED,LOW,INFERRED,,,,,,p1-5-behavior-extension-2026-08-27,LOW,,,2026-08-27,"AI_SUGGESTION (CANDIDATE) -- category-general reasoning, not evidence-derived. "
edge-01053,philips-garden-care,CATEGORY,TRIGGERED_BY,GARDEN_TRIG_1,TRIGGER,Behavioral,DIRECTED,LOW,INFERRED,,,,,,p1-5-behavior-extension-2026-08-27,LOW,,,2026-08-27,"AI_SUGGESTION (CANDIDATE) -- category-general reasoning, not evidence-derived. "
edge-01054,philips-garden-care,CATEGORY,TRIGGERED_BY,GARDEN_TRIG_2,TRIGGER,Behavioral,DIRECTED,LOW,INFERRED,,,,,,p1-5-behavior-extension-2026-08-27,LOW,,,2026-08-27,"AI_SUGGESTION (CANDIDATE) -- category-general reasoning, not evidence-derived. "
edge-01055,philips-garden-care,CATEGORY,TRIGGERED_BY,GARDEN_TRIG_3,TRIGGER,Behavioral,DIRECTED,LOW,INFERRED,,,,,,p1-5-behavior-extension-2026-08-27,LOW,,,2026-08-27,"AI_SUGGESTION (CANDIDATE) -- category-general reasoning, not evidence-derived. "
edge-01056,philips-garden-care,CATEGORY,ENABLES_BEHAVIOR,GARDEN_BEH_0,BEHAVIOR,Behavioral,DIRECTED,LOW,INFERRED,,,,,,p1-5-behavior-extension-2026-08-27,LOW,,,2026-08-27,"AI_SUGGESTION (CANDIDATE) -- category-general reasoning, not evidence-derived. "
edge-01057,philips-garden-care,CATEGORY,ENABLES_BEHAVIOR,GARDEN_BEH_1,BEHAVIOR,Behavioral,DIRECTED,LOW,INFERRED,,,,,,p1-5-behavior-extension-2026-08-27,LOW,,,2026-08-27,"AI_SUGGESTION (CANDIDATE) -- category-general reasoning, not evidence-derived. "
edge-01058,philips-garden-care,CATEGORY,ENABLES_BEHAVIOR,GARDEN_BEH_2,BEHAVIOR,Behavioral,DIRECTED,LOW,INFERRED,,,,,,p1-5-behavior-extension-2026-08-27,LOW,,,2026-08-27,"AI_SUGGESTION (CANDIDATE) -- category-general reasoning, not evidence-derived. "
edge-01059,philips-garden-care,CATEGORY,ENABLES_BEHAVIOR,GARDEN_BEH_3,BEHAVIOR,Behavioral,DIRECTED,LOW,INFERRED,,,,,,p1-5-behavior-extension-2026-08-27,LOW,,,2026-08-27,"AI_SUGGESTION (CANDIDATE) -- category-general reasoning, not evidence-derived. "
edge-01060,philips-garden-care,CATEGORY,ENABLES_BEHAVIOR,GARDEN_BEH_4,BEHAVIOR,Behavioral,DIRECTED,LOW,INFERRED,,,,,,p1-5-behavior-extension-2026-08-27,LOW,,,2026-08-27,"AI_SUGGESTION (CANDIDATE) -- category-general reasoning, not evidence-derived. "
edge-01061,philips-garden-care,CATEGORY,CREATES_FRICTION,GARDEN_FRIC_0,FRICTION,Behavioral,DIRECTED,LOW,INFERRED,,,,,,p1-5-behavior-extension-2026-08-27,LOW,,,2026-08-27,"AI_SUGGESTION (CANDIDATE) -- category-general reasoning, not evidence-derived. "
edge-01062,philips-garden-care,CATEGORY,CREATES_FRICTION,GARDEN_FRIC_1,FRICTION,Behavioral,DIRECTED,LOW,INFERRED,,,,,,p1-5-behavior-extension-2026-08-27,LOW,,,2026-08-27,"AI_SUGGESTION (CANDIDATE) -- category-general reasoning, not evidence-derived. "
edge-01063,philips-garden-care,CATEGORY,CREATES_FRICTION,GARDEN_FRIC_2,FRICTION,Behavioral,DIRECTED,LOW,INFERRED,,,,,,p1-5-behavior-extension-2026-08-27,LOW,,,2026-08-27,"AI_SUGGESTION (CANDIDATE) -- category-general reasoning, not evidence-derived. "
edge-01064,philips-garden-care,CATEGORY,CREATES_FRICTION,GARDEN_FRIC_3,FRICTION,Behavioral,DIRECTED,LOW,INFERRED,,,,,,p1-5-behavior-extension-2026-08-27,LOW,,,2026-08-27,"AI_SUGGESTION (CANDIDATE) -- category-general reasoning, not evidence-derived. "
edge-01065,philips-garden-care,CATEGORY,CREATES_FRICTION,GARDEN_FRIC_4,FRICTION,Behavioral,DIRECTED,LOW,INFERRED,,,,,,p1-5-behavior-extension-2026-08-27,LOW,,,2026-08-27,"AI_SUGGESTION (CANDIDATE) -- category-general reasoning, not evidence-derived. "
edge-01066,philips-garden-care,CATEGORY,ASSOCIATED_WITH_OUTCOME,GARDEN_OUT_0,OUTCOME,Behavioral,DIRECTED,LOW,INFERRED,,,,,,p1-5-behavior-extension-2026-08-27,LOW,,,2026-08-27,"AI_SUGGESTION (CANDIDATE) -- category-general reasoning, not evidence-derived. "
edge-01067,philips-garden-care,CATEGORY,ASSOCIATED_WITH_OUTCOME,GARDEN_OUT_1,OUTCOME,Behavioral,DIRECTED,LOW,INFERRED,,,,,,p1-5-behavior-extension-2026-08-27,LOW,,,2026-08-27,"AI_SUGGESTION (CANDIDATE) -- category-general reasoning, not evidence-derived. "
edge-01068,philips-garden-care,CATEGORY,ASSOCIATED_WITH_OUTCOME,GARDEN_OUT_2,OUTCOME,Behavioral,DIRECTED,LOW,INFERRED,,,,,,p1-5-behavior-extension-2026-08-27,LOW,,,2026-08-27,"AI_SUGGESTION (CANDIDATE) -- category-general reasoning, not evidence-derived. "
